{
  "ConfigVersion": 6,
  "TriggerRoot": {
    "Childs": [
      {
        "$type": "CombatRoutine.TriggerModel.TriggerParallel, CombatRoutine",
        "Childs": [
          {
            "$type": "CombatRoutine.TriggerModel.TriggerSequence, CombatRoutine",
            "Childs": [
              {
                "$type": "CombatRoutine.TriggerModel.TriggerParallel, CombatRoutine",
                "Childs": [
                  {
                    "$type": "CombatRoutine.TriggerModel.TriggerSequence, CombatRoutine",
                    "Childs": [
                      {
                        "$type": "CombatRoutine.TriggerModel.TriggerDelayNode, CombatRoutine",
                        "NodeType": 2,
                        "Enable": true,
                        "DisplayName": "延迟[秒]",
                        "Delay": 10.0,
                        "Name": ""
                      },
                      {
                        "$type": "CombatRoutine.TriggerModel.TriggerActionNode, CombatRoutine",
                        "TriggerActions": [
                          {
                            "$type": "CombatRoutine.TriggerModel.TriggerActionCastSpell, CombatRoutine",
                            "SpellConfig": {
                              "Category": 0,
                              "SpellId": 2887,
                              "TargetType": 2
                            },
                            "DisplayName": "使用技能"
                          }
                        ],
                        "NodeType": 2,
                        "Enable": true,
                        "DisplayName": "行为",
                        "Name": "扳手"
                      },
                      {
                        "$type": "CombatRoutine.TriggerModel.TriggerDelayNode, CombatRoutine",
                        "NodeType": 2,
                        "Enable": true,
                        "DisplayName": "延迟[秒]",
                        "Delay": 68.0,
                        "Name": ""
                      },
                      {
                        "$type": "CombatRoutine.TriggerModel.TriggerActionNode, CombatRoutine",
                        "TriggerActions": [
                          {
                            "$type": "CombatRoutine.TriggerModel.TriggerActionCastSpell, CombatRoutine",
                            "SpellConfig": {
                              "Category": 0,
                              "SpellId": 16889,
                              "TargetType": 1
                            },
                            "DisplayName": "使用技能"
                          }
                        ],
                        "NodeType": 2,
                        "Enable": true,
                        "DisplayName": "行为",
                        "Name": "策动"
                      }
                    ],
                    "NodeType": 1,
                    "Enable": true,
                    "DisplayName": "序列",
                    "Name": "减伤"
                  },
                  {
                    "$type": "CombatRoutine.TriggerModel.TriggerSequence, CombatRoutine",
                    "Childs": [
                      {
                        "$type": "CombatRoutine.TriggerModel.TriggerActionNode, CombatRoutine",
                        "TriggerActions": [
                          {
                            "$type": "CombatRoutine.TriggerModel.TriggerActionSwitchAoe, CombatRoutine",
                            "UseAoe": false,
                            "DisplayName": "切换AOE"
                          }
                        ],
                        "NodeType": 2,
                        "Enable": true,
                        "DisplayName": "行为",
                        "Name": "关aoe"
                      },
                      {
                        "$type": "CombatRoutine.TriggerModel.TriggerDelayNode, CombatRoutine",
                        "NodeType": 2,
                        "Enable": true,
                        "DisplayName": "延迟[秒]",
                        "Delay": 30.0,
                        "Name": ""
                      },
                      {
                        "$type": "CombatRoutine.TriggerModel.TriggerActionNode, CombatRoutine",
                        "TriggerActions": [
                          {
                            "$type": "CombatRoutine.TriggerModel.TriggerActionSwitchBurst, CombatRoutine",
                            "Burst": false,
                            "DisplayName": "切换爆发"
                          }
                        ],
                        "NodeType": 2,
                        "Enable": true,
                        "DisplayName": "行为",
                        "Name": "关爆发"
                      },
                      {
                        "$type": "CombatRoutine.TriggerModel.TriggerDelayNode, CombatRoutine",
                        "NodeType": 2,
                        "Enable": true,
                        "DisplayName": "延迟[秒]",
                        "Delay": 30.0,
                        "Name": ""
                      },
                      {
                        "$type": "CombatRoutine.TriggerModel.TriggerActionNode, CombatRoutine",
                        "TriggerActions": [
                          {
                            "$type": "CombatRoutine.TriggerModel.TriggerActionSwitchBurst, CombatRoutine",
                            "Burst": true,
                            "DisplayName": "切换爆发"
                          }
                        ],
                        "NodeType": 2,
                        "Enable": true,
                        "DisplayName": "行为",
                        "Name": "开爆发"
                      },
                      {
                        "$type": "CombatRoutine.TriggerModel.TriggerDelayNode, CombatRoutine",
                        "NodeType": 2,
                        "Enable": true,
                        "DisplayName": "延迟[秒]",
                        "Delay": 50.0,
                        "Name": ""
                      },
                      {
                        "$type": "CombatRoutine.TriggerModel.TriggerActionNode, CombatRoutine",
                        "TriggerActions": [
                          {
                            "$type": "CombatRoutine.TriggerModel.TriggerActionLockSpell, CombatRoutine",
                            "SpellId": 2876,
                            "Lock": true,
                            "DisplayName": "锁定技能"
                          }
                        ],
                        "NodeType": 2,
                        "Enable": true,
                        "DisplayName": "行为",
                        "Name": "关整备"
                      },
                      {
                        "$type": "CombatRoutine.TriggerModel.TriggerDelayNode, CombatRoutine",
                        "NodeType": 2,
                        "Enable": true,
                        "DisplayName": "延迟[秒]",
                        "Delay": 20.0,
                        "Name": ""
                      },
                      {
                        "$type": "CombatRoutine.TriggerModel.TriggerActionNode, CombatRoutine",
                        "TriggerActions": [
                          {
                            "$type": "CombatRoutine.TriggerModel.TriggerActionLockSpell, CombatRoutine",
                            "SpellId": 2876,
                            "Lock": false,
                            "DisplayName": "锁定技能"
                          }
                        ],
                        "NodeType": 2,
                        "Enable": true,
                        "DisplayName": "行为",
                        "Name": "开整备"
                      }
                    ],
                    "NodeType": 1,
                    "Enable": true,
                    "DisplayName": "序列",
                    "Name": "输出"
                  },
                  {
                    "$type": "CombatRoutine.TriggerModel.TriggerSequence, CombatRoutine",
                    "Childs": [
                      {
                        "$type": "CombatRoutine.TriggerModel.TriggerCondNode, CombatRoutine",
                        "CondLogicType": 0,
                        "TriggerConds": [
                          {
                            "$type": "CombatRoutine.TriggerModel.TriggerCondAfterBattleStart, CombatRoutine",
                            "Delay": 39,
                            "DisplayName": "战斗开始后多少秒"
                          }
                        ],
                        "NodeType": 2,
                        "Enable": true,
                        "DisplayName": "条件",
                        "Name": "喷水"
                      },
                      {
                        "$type": "CombatRoutine.TriggerModel.TriggerActionNode, CombatRoutine",
                        "TriggerActions": [
                          {
                            "$type": "CombatRoutine.TriggerModel.TriggerActionCastSpell, CombatRoutine",
                            "SpellConfig": {
                              "Category": 0,
                              "SpellId": 7541,
                              "TargetType": 1
                            },
                            "DisplayName": "使用技能"
                          }
                        ],
                        "NodeType": 2,
                        "Enable": true,
                        "DisplayName": "行为",
                        "Name": "内丹"
                      },
                      {
                        "$type": "CombatRoutine.TriggerModel.TriggerCondNode, CombatRoutine",
                        "CondLogicType": 0,
                        "TriggerConds": [
                          {
                            "$type": "CombatRoutine.TriggerModel.TriggerCondTargetHpByNameOrId, CombatRoutine",
                            "NameOrId": "狩猎人偶",
                            "HpPct": 25.0,
                            "selftarget": true,
                            "Delay": 0,
                            "DisplayName": "目标血量百分比 (通过名字或者Id)"
                          }
                        ],
                        "NodeType": 2,
                        "Enable": true,
                        "DisplayName": "条件",
                        "Name": "小怪低于25"
                      },
                      {
                        "$type": "CombatRoutine.TriggerModel.TriggerActionNode, CombatRoutine",
                        "TriggerActions": [
                          {
                            "$type": "CombatRoutine.TriggerModel.TriggerActionSelectenemy, CombatRoutine",
                            "NameorId": "活水之手",
                            "DisplayName": "切换目标"
                          }
                        ],
                        "NodeType": 2,
                        "Enable": true,
                        "DisplayName": "行为",
                        "Name": "切目标"
                      }
                    ],
                    "NodeType": 1,
                    "Enable": true,
                    "DisplayName": "序列",
                    "Name": "其他"
                  }
                ],
                "NodeType": 1,
                "Enable": true,
                "DisplayName": "并行",
                "Name": ""
              }
            ],
            "NodeType": 1,
            "Enable": true,
            "DisplayName": "序列",
            "Name": "P1"
          },
          {
            "$type": "CombatRoutine.TriggerModel.TriggerSequence, CombatRoutine",
            "Childs": [
              {
                "$type": "CombatRoutine.TriggerModel.TriggerCondNode, CombatRoutine",
                "CondLogicType": 0,
                "TriggerConds": [
                  {
                    "$type": "CombatRoutine.TriggerModel.TriggerCondGameLog, CombatRoutine",
                    "RegexValue": "发现威胁差分闭合",
                    "DisplayName": "聊天监控"
                  }
                ],
                "NodeType": 2,
                "Enable": true,
                "DisplayName": "条件",
                "Name": ""
              },
              {
                "$type": "CombatRoutine.TriggerModel.TriggerParallel, CombatRoutine",
                "Childs": [
                  {
                    "$type": "CombatRoutine.TriggerModel.TriggerSequence, CombatRoutine",
                    "Childs": [
                      {
                        "$type": "CombatRoutine.TriggerModel.TriggerDelayNode, CombatRoutine",
                        "NodeType": 2,
                        "Enable": true,
                        "DisplayName": "延迟[秒]",
                        "Delay": 130.0,
                        "Name": ""
                      },
                      {
                        "$type": "CombatRoutine.TriggerModel.TriggerActionNode, CombatRoutine",
                        "TriggerActions": [
                          {
                            "$type": "CombatRoutine.TriggerModel.TriggerActionCastSpell, CombatRoutine",
                            "SpellConfig": {
                              "Category": 0,
                              "SpellId": 16889,
                              "TargetType": 1
                            },
                            "DisplayName": "使用技能"
                          }
                        ],
                        "NodeType": 2,
                        "Enable": true,
                        "DisplayName": "行为",
                        "Name": "策动"
                      }
                    ],
                    "NodeType": 1,
                    "Enable": true,
                    "DisplayName": "序列",
                    "Name": "减伤"
                  },
                  {
                    "$type": "CombatRoutine.TriggerModel.TriggerSequence, CombatRoutine",
                    "Childs": [
                      {
                        "$type": "CombatRoutine.TriggerModel.TriggerCondNode, CombatRoutine",
                        "CondLogicType": 0,
                        "TriggerConds": [
                          {
                            "$type": "CombatRoutine.TriggerModel.TriggerCondEnemyCastSpell, CombatRoutine",
                            "Strs": null,
                            "RegexNameOrId": "螺旋桨强风",
                            "DisplayName": "敌人读条使用技能"
                          }
                        ],
                        "NodeType": 2,
                        "Enable": true,
                        "DisplayName": "条件",
                        "Name": "排队关爆发"
                      },
                      {
                        "$type": "CombatRoutine.TriggerModel.TriggerActionNode, CombatRoutine",
                        "TriggerActions": [
                          {
                            "$type": "CombatRoutine.TriggerModel.TriggerActionSwitchBurst, CombatRoutine",
                            "Burst": false,
                            "DisplayName": "切换爆发"
                          }
                        ],
                        "NodeType": 2,
                        "Enable": true,
                        "DisplayName": "行为",
                        "Name": ""
                      }
                    ],
                    "NodeType": 1,
                    "Enable": true,
                    "DisplayName": "序列",
                    "Name": "输出"
                  },
                  {
                    "$type": "CombatRoutine.TriggerModel.TriggerSequence, CombatRoutine",
                    "Childs": [
                      {
                        "$type": "CombatRoutine.TriggerModel.TriggerCondNode, CombatRoutine",
                        "CondLogicType": 0,
                        "TriggerConds": [
                          {
                            "$type": "CombatRoutine.TriggerModel.TriggerCondEnemyInLos, CombatRoutine",
                            "NameOrId": "等离子护盾",
                            "DisplayName": "敌人出现在视野中"
                          }
                        ],
                        "NodeType": 2,
                        "Enable": true,
                        "DisplayName": "条件",
                        "Name": "盾出现"
                      },
                      {
                        "$type": "CombatRoutine.TriggerModel.TriggerActionNode, CombatRoutine",
                        "TriggerActions": [
                          {
                            "$type": "CombatRoutine.TriggerModel.TriggerActionSelectenemy, CombatRoutine",
                            "NameorId": "等离子护盾",
                            "DisplayName": "切换目标"
                          }
                        ],
                        "NodeType": 2,
                        "Enable": true,
                        "DisplayName": "行为",
                        "Name": "打盾"
                      }
                    ],
                    "NodeType": 1,
                    "Enable": true,
                    "DisplayName": "序列",
                    "Name": "其他"
                  }
                ],
                "NodeType": 1,
                "Enable": true,
                "DisplayName": "并行",
                "Name": ""
              }
            ],
            "NodeType": 1,
            "Enable": true,
            "DisplayName": "序列",
            "Name": "P2"
          },
          {
            "$type": "CombatRoutine.TriggerModel.TriggerSequence, CombatRoutine",
            "Childs": [
              {
                "$type": "CombatRoutine.TriggerModel.TriggerCondNode, CombatRoutine",
                "CondLogicType": 0,
                "TriggerConds": [
                  {
                    "$type": "CombatRoutine.TriggerModel.TriggerCondGameLog, CombatRoutine",
                    "RegexValue": "看你是否有资格前往理想乡",
                    "DisplayName": "聊天监控"
                  }
                ],
                "NodeType": 2,
                "Enable": true,
                "DisplayName": "条件",
                "Name": ""
              },
              {
                "$type": "CombatRoutine.TriggerModel.TriggerParallel, CombatRoutine",
                "Childs": [
                  {
                    "$type": "CombatRoutine.TriggerModel.TriggerSequence, CombatRoutine",
                    "Childs": [
                      {
                        "$type": "CombatRoutine.TriggerModel.TriggerCondNode, CombatRoutine",
                        "CondLogicType": 0,
                        "TriggerConds": [
                          {
                            "$type": "CombatRoutine.TriggerModel.TriggerCondEnemyCastSpell, CombatRoutine",
                            "Strs": null,
                            "RegexNameOrId": "百万神圣",
                            "DisplayName": "敌人读条使用技能"
                          }
                        ],
                        "NodeType": 2,
                        "Enable": true,
                        "DisplayName": "条件",
                        "Name": ""
                      },
                      {
                        "$type": "CombatRoutine.TriggerModel.TriggerDelayNode, CombatRoutine",
                        "NodeType": 2,
                        "Enable": true,
                        "DisplayName": "延迟[秒]",
                        "Delay": 2.0,
                        "Name": ""
                      },
                      {
                        "$type": "CombatRoutine.TriggerModel.TriggerActionNode, CombatRoutine",
                        "TriggerActions": [
                          {
                            "$type": "CombatRoutine.TriggerModel.TriggerActionCastSpell, CombatRoutine",
                            "SpellConfig": {
                              "Category": 0,
                              "SpellId": 2887,
                              "TargetType": 2
                            },
                            "DisplayName": "使用技能"
                          }
                        ],
                        "NodeType": 2,
                        "Enable": true,
                        "DisplayName": "行为",
                        "Name": "扳手"
                      },
                      {
                        "$type": "CombatRoutine.TriggerModel.TriggerCondNode, CombatRoutine",
                        "CondLogicType": 0,
                        "TriggerConds": [
                          {
                            "$type": "CombatRoutine.TriggerModel.TriggerCondGameLog, CombatRoutine",
                            "RegexValue": "神圣审判的时刻到来了",
                            "DisplayName": "聊天监控"
                          }
                        ],
                        "NodeType": 2,
                        "Enable": true,
                        "DisplayName": "条件",
                        "Name": "火龙卷减伤"
                      },
                      {
                        "$type": "CombatRoutine.TriggerModel.TriggerDelayNode, CombatRoutine",
                        "NodeType": 2,
                        "Enable": true,
                        "DisplayName": "延迟[秒]",
                        "Delay": 34.0,
                        "Name": ""
                      },
                      {
                        "$type": "CombatRoutine.TriggerModel.TriggerActionNode, CombatRoutine",
                        "TriggerActions": [
                          {
                            "$type": "CombatRoutine.TriggerModel.TriggerActionCastSpell, CombatRoutine",
                            "SpellConfig": {
                              "Category": 0,
                              "SpellId": 16889,
                              "TargetType": 1
                            },
                            "DisplayName": "使用技能"
                          }
                        ],
                        "NodeType": 2,
                        "Enable": true,
                        "DisplayName": "行为",
                        "Name": "策动"
                      }
                    ],
                    "NodeType": 1,
                    "Enable": true,
                    "DisplayName": "序列",
                    "Name": "减伤"
                  },
                  {
                    "$type": "CombatRoutine.TriggerModel.TriggerSequence, CombatRoutine",
                    "Childs": [
                      {
                        "$type": "CombatRoutine.TriggerModel.TriggerActionNode, CombatRoutine",
                        "TriggerActions": [
                          {
                            "$type": "CombatRoutine.TriggerModel.TriggerActionSwitchBurst, CombatRoutine",
                            "Burst": true,
                            "DisplayName": "切换爆发"
                          }
                        ],
                        "NodeType": 2,
                        "Enable": true,
                        "DisplayName": "行为",
                        "Name": "开爆发"
                      },
                      {
                        "$type": "CombatRoutine.TriggerModel.TriggerCondNode, CombatRoutine",
                        "CondLogicType": 0,
                        "TriggerConds": [
                          {
                            "$type": "CombatRoutine.TriggerModel.TriggerCondEnemyInLos, CombatRoutine",
                            "NameOrId": "真心",
                            "DisplayName": "敌人出现在视野中"
                          }
                        ],
                        "NodeType": 2,
                        "Enable": true,
                        "DisplayName": "条件",
                        "Name": "真心出现"
                      },
                      {
                        "$type": "CombatRoutine.TriggerModel.TriggerActionNode, CombatRoutine",
                        "TriggerActions": [
                          {
                            "$type": "CombatRoutine.TriggerModel.TriggerActionLockSpell, CombatRoutine",
                            "SpellId": 2876,
                            "Lock": true,
                            "DisplayName": "锁定技能"
                          },
                          {
                            "$type": "CombatRoutine.TriggerModel.TriggerActionLockSpell, CombatRoutine",
                            "SpellId": 16498,
                            "Lock": true,
                            "DisplayName": "锁定技能"
                          },
                          {
                            "$type": "CombatRoutine.TriggerModel.TriggerActionLockSpell, CombatRoutine",
                            "SpellId": 16500,
                            "Lock": true,
                            "DisplayName": "锁定技能"
                          }
                        ],
                        "NodeType": 2,
                        "Enable": true,
                        "DisplayName": "行为",
                        "Name": "锁技能"
                      },
                      {
                        "$type": "CombatRoutine.TriggerModel.TriggerDelayNode, CombatRoutine",
                        "NodeType": 2,
                        "Enable": true,
                        "DisplayName": "延迟[秒]",
                        "Delay": 30.0,
                        "Name": ""
                      },
                      {
                        "$type": "CombatRoutine.TriggerModel.TriggerActionNode, CombatRoutine",
                        "TriggerActions": [
                          {
                            "$type": "CombatRoutine.TriggerModel.TriggerActionLockSpell, CombatRoutine",
                            "SpellId": 16498,
                            "Lock": false,
                            "DisplayName": "锁定技能"
                          },
                          {
                            "$type": "CombatRoutine.TriggerModel.TriggerActionLockSpell, CombatRoutine",
                            "SpellId": 16500,
                            "Lock": false,
                            "DisplayName": "锁定技能"
                          },
                          {
                            "$type": "CombatRoutine.TriggerModel.TriggerActionLockSpell, CombatRoutine",
                            "SpellId": 2876,
                            "Lock": false,
                            "DisplayName": "锁定技能"
                          },
                          {
                            "$type": "CombatRoutine.TriggerModel.TriggerActionSwitchBurst, CombatRoutine",
                            "Burst": true,
                            "DisplayName": "切换爆发"
                          }
                        ],
                        "NodeType": 2,
                        "Enable": true,
                        "DisplayName": "行为",
                        "Name": "开技能"
                      },
                      {
                        "$type": "CombatRoutine.TriggerModel.TriggerCondNode, CombatRoutine",
                        "CondLogicType": 0,
                        "TriggerConds": [
                          {
                            "$type": "CombatRoutine.TriggerModel.TriggerCondGameLog, CombatRoutine",
                            "RegexValue": "神圣审判的时刻到来了",
                            "DisplayName": "聊天监控"
                          }
                        ],
                        "NodeType": 2,
                        "Enable": true,
                        "DisplayName": "条件",
                        "Name": "火龙卷开爆发"
                      },
                      {
                        "$type": "CombatRoutine.TriggerModel.TriggerDelayNode, CombatRoutine",
                        "NodeType": 2,
                        "Enable": true,
                        "DisplayName": "延迟[秒]",
                        "Delay": 10.0,
                        "Name": ""
                      },
                      {
                        "$type": "CombatRoutine.TriggerModel.TriggerActionNode, CombatRoutine",
                        "TriggerActions": [
                          {
                            "$type": "CombatRoutine.TriggerModel.TriggerActionSwitchBurst, CombatRoutine",
                            "Burst": true,
                            "DisplayName": "切换爆发"
                          }
                        ],
                        "NodeType": 2,
                        "Enable": true,
                        "DisplayName": "行为",
                        "Name": "开爆发"
                      }
                    ],
                    "NodeType": 1,
                    "Enable": true,
                    "DisplayName": "序列",
                    "Name": "输出"
                  },
                  {
                    "$type": "CombatRoutine.TriggerModel.TriggerSequence, CombatRoutine",
                    "Childs": [
                      {
                        "$type": "CombatRoutine.TriggerModel.TriggerDelayNode, CombatRoutine",
                        "NodeType": 2,
                        "Enable": true,
                        "DisplayName": "延迟[秒]",
                        "Delay": 42.0,
                        "Name": ""
                      },
                      {
                        "$type": "CombatRoutine.TriggerModel.TriggerActionNode, CombatRoutine",
                        "TriggerActions": [
                          {
                            "$type": "CombatRoutine.TriggerModel.TriggerActionSwitchBurst, CombatRoutine",
                            "Burst": false,
                            "DisplayName": "切换爆发"
                          }
                        ],
                        "NodeType": 2,
                        "Enable": true,
                        "DisplayName": "行为",
                        "Name": "关爆发"
                      },
                      {
                        "$type": "CombatRoutine.TriggerModel.TriggerDelayNode, CombatRoutine",
                        "NodeType": 2,
                        "Enable": true,
                        "DisplayName": "延迟[秒]",
                        "Delay": 70.0,
                        "Name": ""
                      },
                      {
                        "$type": "CombatRoutine.TriggerModel.TriggerActionNode, CombatRoutine",
                        "TriggerActions": [
                          {
                            "$type": "CombatRoutine.TriggerModel.TriggerActionSwitchBurst, CombatRoutine",
                            "Burst": false,
                            "DisplayName": "切换爆发"
                          }
                        ],
                        "NodeType": 2,
                        "Enable": true,
                        "DisplayName": "行为",
                        "Name": "关爆发"
                      }
                    ],
                    "NodeType": 1,
                    "Enable": true,
                    "DisplayName": "序列",
                    "Name": "防上天"
                  },
                  {
                    "$type": "CombatRoutine.TriggerModel.TriggerSequence, CombatRoutine",
                    "Childs": [
                      {
                        "$type": "CombatRoutine.TriggerModel.TriggerCondNode, CombatRoutine",
                        "CondLogicType": 0,
                        "TriggerConds": [
                          {
                            "$type": "CombatRoutine.TriggerModel.TriggerCondEnemyCastSpell, CombatRoutine",
                            "Strs": null,
                            "RegexNameOrId": "时间停止",
                            "DisplayName": "敌人读条使用技能"
                          }
                        ],
                        "NodeType": 2,
                        "Enable": true,
                        "DisplayName": "条件",
                        "Name": ""
                      },
                      {
                        "$type": "CombatRoutine.TriggerModel.TriggerDelayNode, CombatRoutine",
                        "NodeType": 2,
                        "Enable": true,
                        "DisplayName": "延迟[秒]",
                        "Delay": 7.0,
                        "Name": ""
                      },
                      {
                        "$type": "CombatRoutine.TriggerModel.TriggerActionNode, CombatRoutine",
                        "TriggerActions": [
                          {
                            "$type": "CombatRoutine.TriggerModel.TriggerActionUsePotion, CombatRoutine",
                            "DisplayName": "使用爆发药"
                          }
                        ],
                        "NodeType": 2,
                        "Enable": true,
                        "DisplayName": "行为",
                        "Name": ""
                      }
                    ],
                    "NodeType": 1,
                    "Enable": true,
                    "DisplayName": "序列",
                    "Name": "爆发药"
                  }
                ],
                "NodeType": 1,
                "Enable": true,
                "DisplayName": "并行",
                "Name": ""
              }
            ],
            "NodeType": 1,
            "Enable": true,
            "DisplayName": "序列",
            "Name": "P3"
          },
          {
            "$type": "CombatRoutine.TriggerModel.TriggerSequence, CombatRoutine",
            "Childs": [
              {
                "$type": "CombatRoutine.TriggerModel.TriggerCondNode, CombatRoutine",
                "CondLogicType": 0,
                "TriggerConds": [
                  {
                    "$type": "CombatRoutine.TriggerModel.TriggerCondGameLog, CombatRoutine",
                    "RegexValue": "将引领你体验最深的绝望",
                    "DisplayName": "聊天监控"
                  }
                ],
                "NodeType": 2,
                "Enable": true,
                "DisplayName": "条件",
                "Name": ""
              },
              {
                "$type": "CombatRoutine.TriggerModel.TriggerParallel, CombatRoutine",
                "Childs": [
                  {
                    "$type": "CombatRoutine.TriggerModel.TriggerSequence, CombatRoutine",
                    "Childs": [
                      {
                        "$type": "CombatRoutine.TriggerModel.TriggerDelayNode, CombatRoutine",
                        "NodeType": 2,
                        "Enable": true,
                        "DisplayName": "延迟[秒]",
                        "Delay": 45.0,
                        "Name": ""
                      },
                      {
                        "$type": "CombatRoutine.TriggerModel.TriggerActionNode, CombatRoutine",
                        "TriggerActions": [
                          {
                            "$type": "CombatRoutine.TriggerModel.TriggerActionCastSpell, CombatRoutine",
                            "SpellConfig": {
                              "Category": 0,
                              "SpellId": 16889,
                              "TargetType": 1
                            },
                            "DisplayName": "使用技能"
                          }
                        ],
                        "NodeType": 2,
                        "Enable": true,
                        "DisplayName": "行为",
                        "Name": "策动"
                      },
                      {
                        "$type": "CombatRoutine.TriggerModel.TriggerCondNode, CombatRoutine",
                        "CondLogicType": 0,
                        "TriggerConds": [
                          {
                            "$type": "CombatRoutine.TriggerModel.TriggerCondEnemyCastSpell, CombatRoutine",
                            "Strs": null,
                            "RegexNameOrId": "株连",
                            "DisplayName": "敌人读条使用技能"
                          }
                        ],
                        "NodeType": 2,
                        "Enable": true,
                        "DisplayName": "条件",
                        "Name": "地火减伤"
                      },
                      {
                        "$type": "CombatRoutine.TriggerModel.TriggerActionNode, CombatRoutine",
                        "TriggerActions": [
                          {
                            "$type": "CombatRoutine.TriggerModel.TriggerActionCastSpell, CombatRoutine",
                            "SpellConfig": {
                              "Category": 0,
                              "SpellId": 16889,
                              "TargetType": 1
                            },
                            "DisplayName": "使用技能"
                          }
                        ],
                        "NodeType": 2,
                        "Enable": true,
                        "DisplayName": "行为",
                        "Name": "策动"
                      },
                      {
                        "$type": "CombatRoutine.TriggerModel.TriggerDelayNode, CombatRoutine",
                        "NodeType": 2,
                        "Enable": true,
                        "DisplayName": "延迟[秒]",
                        "Delay": 10.0,
                        "Name": ""
                      },
                      {
                        "$type": "CombatRoutine.TriggerModel.TriggerCondNode, CombatRoutine",
                        "CondLogicType": 0,
                        "TriggerConds": [
                          {
                            "$type": "CombatRoutine.TriggerModel.TriggerCondEnemyCastSpell, CombatRoutine",
                            "Strs": null,
                            "RegexNameOrId": "株连",
                            "DisplayName": "敌人读条使用技能"
                          }
                        ],
                        "NodeType": 2,
                        "Enable": true,
                        "DisplayName": "条件",
                        "Name": "地火减伤"
                      },
                      {
                        "$type": "CombatRoutine.TriggerModel.TriggerActionNode, CombatRoutine",
                        "TriggerActions": [
                          {
                            "$type": "CombatRoutine.TriggerModel.TriggerActionCastSpell, CombatRoutine",
                            "SpellConfig": {
                              "Category": 0,
                              "SpellId": 2887,
                              "TargetType": 2
                            },
                            "DisplayName": "使用技能"
                          }
                        ],
                        "NodeType": 2,
                        "Enable": true,
                        "DisplayName": "行为",
                        "Name": "扳手"
                      }
                    ],
                    "NodeType": 1,
                    "Enable": true,
                    "DisplayName": "序列",
                    "Name": "减伤"
                  },
                  {
                    "$type": "CombatRoutine.TriggerModel.TriggerSequence, CombatRoutine",
                    "Childs": [
                      {
                        "$type": "CombatRoutine.TriggerModel.TriggerActionNode, CombatRoutine",
                        "TriggerActions": [
                          {
                            "$type": "CombatRoutine.TriggerModel.TriggerActionSwitchBurst, CombatRoutine",
                            "Burst": true,
                            "DisplayName": "切换爆发"
                          }
                        ],
                        "NodeType": 2,
                        "Enable": true,
                        "DisplayName": "行为",
                        "Name": "开爆发"
                      },
                      {
                        "$type": "CombatRoutine.TriggerModel.TriggerCondNode, CombatRoutine",
                        "CondLogicType": 0,
                        "TriggerConds": [
                          {
                            "$type": "CombatRoutine.TriggerModel.TriggerCondEnemyCastSpell, CombatRoutine",
                            "Strs": null,
                            "RegexNameOrId": "未来确定α",
                            "DisplayName": "敌人读条使用技能"
                          }
                        ],
                        "NodeType": 2,
                        "Enable": true,
                        "DisplayName": "条件",
                        "Name": "一测上天"
                      },
                      {
                        "$type": "CombatRoutine.TriggerModel.TriggerDelayNode, CombatRoutine",
                        "NodeType": 2,
                        "Enable": true,
                        "DisplayName": "延迟[秒]",
                        "Delay": 10.0,
                        "Name": ""
                      },
                      {
                        "$type": "CombatRoutine.TriggerModel.TriggerActionNode, CombatRoutine",
                        "TriggerActions": [
                          {
                            "$type": "CombatRoutine.TriggerModel.TriggerActionSwitchBurst, CombatRoutine",
                            "Burst": false,
                            "DisplayName": "切换爆发"
                          }
                        ],
                        "NodeType": 2,
                        "Enable": true,
                        "DisplayName": "行为",
                        "Name": "关爆发"
                      },
                      {
                        "$type": "CombatRoutine.TriggerModel.TriggerDelayNode, CombatRoutine",
                        "NodeType": 2,
                        "Enable": true,
                        "DisplayName": "延迟[秒]",
                        "Delay": 20.0,
                        "Name": ""
                      },
                      {
                        "$type": "CombatRoutine.TriggerModel.TriggerActionNode, CombatRoutine",
                        "TriggerActions": [
                          {
                            "$type": "CombatRoutine.TriggerModel.TriggerActionSwitchBurst, CombatRoutine",
                            "Burst": true,
                            "DisplayName": "切换爆发"
                          }
                        ],
                        "NodeType": 2,
                        "Enable": true,
                        "DisplayName": "行为",
                        "Name": "开爆发"
                      },
                      {
                        "$type": "CombatRoutine.TriggerModel.TriggerCondNode, CombatRoutine",
                        "CondLogicType": 0,
                        "TriggerConds": [
                          {
                            "$type": "CombatRoutine.TriggerModel.TriggerCondEnemyCastSpell, CombatRoutine",
                            "Strs": null,
                            "RegexNameOrId": "未来确定β",
                            "DisplayName": "敌人读条使用技能"
                          }
                        ],
                        "NodeType": 2,
                        "Enable": true,
                        "DisplayName": "条件",
                        "Name": "二测上天"
                      },
                      {
                        "$type": "CombatRoutine.TriggerModel.TriggerDelayNode, CombatRoutine",
                        "NodeType": 2,
                        "Enable": true,
                        "DisplayName": "延迟[秒]",
                        "Delay": 25.0,
                        "Name": ""
                      },
                      {
                        "$type": "CombatRoutine.TriggerModel.TriggerActionNode, CombatRoutine",
                        "TriggerActions": [
                          {
                            "$type": "CombatRoutine.TriggerModel.TriggerActionSwitchBurst, CombatRoutine",
                            "Burst": false,
                            "DisplayName": "切换爆发"
                          }
                        ],
                        "NodeType": 2,
                        "Enable": true,
                        "DisplayName": "行为",
                        "Name": "关爆发"
                      },
                      {
                        "$type": "CombatRoutine.TriggerModel.TriggerDelayNode, CombatRoutine",
                        "NodeType": 2,
                        "Enable": true,
                        "DisplayName": "延迟[秒]",
                        "Delay": 20.0,
                        "Name": ""
                      },
                      {
                        "$type": "CombatRoutine.TriggerModel.TriggerActionNode, CombatRoutine",
                        "TriggerActions": [
                          {
                            "$type": "CombatRoutine.TriggerModel.TriggerActionSwitchBurst, CombatRoutine",
                            "Burst": true,
                            "DisplayName": "切换爆发"
                          }
                        ],
                        "NodeType": 2,
                        "Enable": true,
                        "DisplayName": "行为",
                        "Name": "开爆发"
                      }
                    ],
                    "NodeType": 1,
                    "Enable": true,
                    "DisplayName": "序列",
                    "Name": "输出"
                  },
                  {
                    "$type": "CombatRoutine.TriggerModel.TriggerSequence, CombatRoutine",
                    "Childs": [
                      {
                        "$type": "CombatRoutine.TriggerModel.TriggerCondNode, CombatRoutine",
                        "CondLogicType": 0,
                        "TriggerConds": [
                          {
                            "$type": "CombatRoutine.TriggerModel.TriggerCondEnemyCastSpell, CombatRoutine",
                            "Strs": null,
                            "RegexNameOrId": "静止命令",
                            "DisplayName": "敌人读条使用技能"
                          }
                        ],
                        "NodeType": 2,
                        "Enable": true,
                        "DisplayName": "条件",
                        "Name": ""
                      },
                      {
                        "$type": "CombatRoutine.TriggerModel.TriggerDelayNode, CombatRoutine",
                        "NodeType": 2,
                        "Enable": true,
                        "DisplayName": "延迟[秒]",
                        "Delay": 3.0,
                        "Name": ""
                      },
                      {
                        "$type": "CombatRoutine.TriggerModel.TriggerActionNode, CombatRoutine",
                        "TriggerActions": [
                          {
                            "$type": "CombatRoutine.TriggerModel.TriggerActionSwitchStop, CombatRoutine",
                            "Stop": true,
                            "DisplayName": "切换停手"
                          }
                        ],
                        "NodeType": 2,
                        "Enable": true,
                        "DisplayName": "行为",
                        "Name": ""
                      },
                      {
                        "$type": "CombatRoutine.TriggerModel.TriggerDelayNode, CombatRoutine",
                        "NodeType": 2,
                        "Enable": true,
                        "DisplayName": "延迟[秒]",
                        "Delay": 3.0,
                        "Name": ""
                      },
                      {
                        "$type": "CombatRoutine.TriggerModel.TriggerActionNode, CombatRoutine",
                        "TriggerActions": [
                          {
                            "$type": "CombatRoutine.TriggerModel.TriggerActionSwitchStop, CombatRoutine",
                            "Stop": false,
                            "DisplayName": "切换停手"
                          }
                        ],
                        "NodeType": 2,
                        "Enable": true,
                        "DisplayName": "行为",
                        "Name": ""
                      }
                    ],
                    "NodeType": 1,
                    "Enable": true,
                    "DisplayName": "序列",
                    "Name": "防手贱"
                  },
                  {
                    "$type": "CombatRoutine.TriggerModel.TriggerSequence, CombatRoutine",
                    "Childs": [
                      {
                        "$type": "CombatRoutine.TriggerModel.TriggerDelayNode, CombatRoutine",
                        "NodeType": 2,
                        "Enable": true,
                        "DisplayName": "延迟[秒]",
                        "Delay": 3.0,
                        "Name": ""
                      },
                      {
                        "$type": "CombatRoutine.TriggerModel.TriggerActionNode, CombatRoutine",
                        "TriggerActions": [
                          {
                            "$type": "CombatRoutine.TriggerModel.TriggerActionUsePotion, CombatRoutine",
                            "DisplayName": "使用爆发药"
                          }
                        ],
                        "NodeType": 2,
                        "Enable": true,
                        "DisplayName": "行为",
                        "Name": ""
                      },
                      {
                        "$type": "CombatRoutine.TriggerModel.TriggerDelayNode, CombatRoutine",
                        "NodeType": 2,
                        "Enable": true,
                        "DisplayName": "延迟[秒]",
                        "Delay": 281.0,
                        "Name": ""
                      },
                      {
                        "$type": "CombatRoutine.TriggerModel.TriggerActionNode, CombatRoutine",
                        "TriggerActions": [
                          {
                            "$type": "CombatRoutine.TriggerModel.TriggerActionUsePotion, CombatRoutine",
                            "DisplayName": "使用爆发药"
                          }
                        ],
                        "NodeType": 2,
                        "Enable": true,
                        "DisplayName": "行为",
                        "Name": ""
                      }
                    ],
                    "NodeType": 1,
                    "Enable": true,
                    "DisplayName": "序列",
                    "Name": "爆发药"
                  }
                ],
                "NodeType": 1,
                "Enable": true,
                "DisplayName": "并行",
                "Name": ""
              }
            ],
            "NodeType": 1,
            "Enable": true,
            "DisplayName": "序列",
            "Name": "P4"
          }
        ],
        "NodeType": 1,
        "Enable": true,
        "DisplayName": "并行",
        "Name": ""
      }
    ],
    "NodeType": 0,
    "Enable": true,
    "DisplayName": "Start",
    "Name": ""
  },
  "Author": "Fra",
  "Name": "MCH-TEA",
  "TerritoryTypeId": 887,
  "TargetJob": 31,
  "ExposedVars": []
}