{
  "Id": "f4a3bd20-cbef-45a3-8451-a6f12d2bb3e5",
  "ConfigVersion": 6,
  "TriggerRoot": {
    "Childs": [
      {
        "$type": "CombatRoutine.TriggerModel.TriggerParallel, CombatRoutine",
        "Childs": [
          {
            "$type": "CombatRoutine.TriggerModel.TriggerCondNode, CombatRoutine",
            "CondLogicType": 0,
            "TriggerConds": [
              {
                "$type": "CombatRoutine.TriggerModel.TriggerCondAfterBattleStart, CombatRoutine",
                "Delay": 1,
                "DisplayName": "战斗开始后多少秒"
              }
            ],
            "NodeType": 2,
            "Enable": true,
            "DisplayName": "条件",
            "Name": ""
          },
          {
            "$type": "CombatRoutine.TriggerModel.TriggerActionNode, CombatRoutine",
            "TriggerActions": [
              {
                "$type": "AE.Machinist.Triggers.MCHTriggerActionSetBatteryQueue, AE",
                "DisplayName": "机工电量轴 (起手不算)",
                "BatteryList": [
                  80,
                  100,
                  90,
                  50,
                  90,
                  80,
                  80,
                  100
                ]
              }
            ],
            "NodeType": 2,
            "Enable": true,
            "DisplayName": "行为",
            "Name": ""
          }
        ],
        "NodeType": 1,
        "Enable": true,
        "DisplayName": "并行",
        "Name": "电量轴"
      },
      {
        "$type": "CombatRoutine.TriggerModel.TriggerParallel, CombatRoutine",
        "Childs": [
          {
            "$type": "CombatRoutine.TriggerModel.TriggerSequence, CombatRoutine",
            "Childs": [
              {
                "$type": "CombatRoutine.TriggerModel.TriggerCondNode, CombatRoutine",
                "CondLogicType": 0,
                "TriggerConds": [
                  {
                    "$type": "CombatRoutine.TriggerModel.TriggerCondAfterBattleStart, CombatRoutine",
                    "Delay": 8,
                    "DisplayName": "战斗开始后多少秒"
                  }
                ],
                "NodeType": 2,
                "Enable": true,
                "DisplayName": "条件",
                "Name": ""
              },
              {
                "$type": "CombatRoutine.TriggerModel.TriggerActionNode, CombatRoutine",
                "TriggerActions": [
                  {
                    "$type": "CombatRoutine.TriggerModel.TriggerActionCastSpell, CombatRoutine",
                    "SpellConfig": {
                      "Category": 0,
                      "SpellId": 16889,
                      "TargetType": 1
                    },
                    "DisplayName": "使用技能"
                  }
                ],
                "NodeType": 2,
                "Enable": true,
                "DisplayName": "行为",
                "Name": ""
              }
            ],
            "NodeType": 1,
            "Enable": true,
            "DisplayName": "序列",
            "Name": "8秒"
          },
          {
            "$type": "CombatRoutine.TriggerModel.TriggerSequence, CombatRoutine",
            "Childs": [
              {
                "$type": "CombatRoutine.TriggerModel.TriggerCondNode, CombatRoutine",
                "CondLogicType": 0,
                "TriggerConds": [
                  {
                    "$type": "CombatRoutine.TriggerModel.TriggerCondAfterBattleStart, CombatRoutine",
                    "Delay": 111,
                    "DisplayName": "战斗开始后多少秒"
                  }
                ],
                "NodeType": 2,
                "Enable": true,
                "DisplayName": "条件",
                "Name": ""
              },
              {
                "$type": "CombatRoutine.TriggerModel.TriggerActionNode, CombatRoutine",
                "TriggerActions": [
                  {
                    "$type": "CombatRoutine.TriggerModel.TriggerActionCastSpell, CombatRoutine",
                    "SpellConfig": {
                      "Category": 0,
                      "SpellId": 16889,
                      "TargetType": 1
                    },
                    "DisplayName": "使用技能"
                  }
                ],
                "NodeType": 2,
                "Enable": true,
                "DisplayName": "行为",
                "Name": ""
              }
            ],
            "NodeType": 1,
            "Enable": true,
            "DisplayName": "序列",
            "Name": "111秒"
          },
          {
            "$type": "CombatRoutine.TriggerModel.TriggerSequence, CombatRoutine",
            "Childs": [
              {
                "$type": "CombatRoutine.TriggerModel.TriggerCondNode, CombatRoutine",
                "CondLogicType": 0,
                "TriggerConds": [
                  {
                    "$type": "CombatRoutine.TriggerModel.TriggerCondAfterBattleStart, CombatRoutine",
                    "Delay": 130,
                    "DisplayName": "战斗开始后多少秒"
                  }
                ],
                "NodeType": 2,
                "Enable": true,
                "DisplayName": "条件",
                "Name": ""
              },
              {
                "$type": "CombatRoutine.TriggerModel.TriggerActionNode, CombatRoutine",
                "TriggerActions": [
                  {
                    "$type": "CombatRoutine.TriggerModel.TriggerActionCastSpell, CombatRoutine",
                    "SpellConfig": {
                      "Category": 0,
                      "SpellId": 7548,
                      "TargetType": 1
                    },
                    "DisplayName": "使用技能"
                  }
                ],
                "NodeType": 2,
                "Enable": true,
                "DisplayName": "行为",
                "Name": ""
              }
            ],
            "NodeType": 1,
            "Enable": true,
            "DisplayName": "序列",
            "Name": "130秒第一次防击退"
          },
          {
            "$type": "CombatRoutine.TriggerModel.TriggerSequence, CombatRoutine",
            "Childs": [
              {
                "$type": "CombatRoutine.TriggerModel.TriggerCondNode, CombatRoutine",
                "CondLogicType": 0,
                "TriggerConds": [
                  {
                    "$type": "CombatRoutine.TriggerModel.TriggerCondAfterBattleStart, CombatRoutine",
                    "Delay": 212,
                    "DisplayName": "战斗开始后多少秒"
                  }
                ],
                "NodeType": 2,
                "Enable": true,
                "DisplayName": "条件",
                "Name": ""
              },
              {
                "$type": "CombatRoutine.TriggerModel.TriggerActionNode, CombatRoutine",
                "TriggerActions": [
                  {
                    "$type": "CombatRoutine.TriggerModel.TriggerActionCastSpell, CombatRoutine",
                    "SpellConfig": {
                      "Category": 0,
                      "SpellId": 16889,
                      "TargetType": 1
                    },
                    "DisplayName": "使用技能"
                  }
                ],
                "NodeType": 2,
                "Enable": true,
                "DisplayName": "行为",
                "Name": ""
              }
            ],
            "NodeType": 1,
            "Enable": true,
            "DisplayName": "序列",
            "Name": "212秒"
          },
          {
            "$type": "CombatRoutine.TriggerModel.TriggerSequence, CombatRoutine",
            "Childs": [
              {
                "$type": "CombatRoutine.TriggerModel.TriggerCondNode, CombatRoutine",
                "CondLogicType": 0,
                "TriggerConds": [
                  {
                    "$type": "CombatRoutine.TriggerModel.TriggerCondAfterBattleStart, CombatRoutine",
                    "Delay": 348,
                    "DisplayName": "战斗开始后多少秒"
                  }
                ],
                "NodeType": 2,
                "Enable": true,
                "DisplayName": "条件",
                "Name": ""
              },
              {
                "$type": "CombatRoutine.TriggerModel.TriggerActionNode, CombatRoutine",
                "TriggerActions": [
                  {
                    "$type": "CombatRoutine.TriggerModel.TriggerActionCastSpell, CombatRoutine",
                    "SpellConfig": {
                      "Category": 0,
                      "SpellId": 16889,
                      "TargetType": 1
                    },
                    "DisplayName": "使用技能"
                  }
                ],
                "NodeType": 2,
                "Enable": true,
                "DisplayName": "行为",
                "Name": ""
              }
            ],
            "NodeType": 1,
            "Enable": true,
            "DisplayName": "序列",
            "Name": "348秒"
          },
          {
            "$type": "CombatRoutine.TriggerModel.TriggerSequence, CombatRoutine",
            "Childs": [
              {
                "$type": "CombatRoutine.TriggerModel.TriggerCondNode, CombatRoutine",
                "CondLogicType": 0,
                "TriggerConds": [
                  {
                    "$type": "CombatRoutine.TriggerModel.TriggerCondAfterBattleStart, CombatRoutine",
                    "Delay": 450,
                    "DisplayName": "战斗开始后多少秒"
                  }
                ],
                "NodeType": 2,
                "Enable": true,
                "DisplayName": "条件",
                "Name": ""
              },
              {
                "$type": "CombatRoutine.TriggerModel.TriggerActionNode, CombatRoutine",
                "TriggerActions": [
                  {
                    "$type": "CombatRoutine.TriggerModel.TriggerActionCastSpell, CombatRoutine",
                    "SpellConfig": {
                      "Category": 0,
                      "SpellId": 16889,
                      "TargetType": 1
                    },
                    "DisplayName": "使用技能"
                  }
                ],
                "NodeType": 2,
                "Enable": true,
                "DisplayName": "行为",
                "Name": ""
              }
            ],
            "NodeType": 1,
            "Enable": true,
            "DisplayName": "序列",
            "Name": "450秒"
          },
          {
            "$type": "CombatRoutine.TriggerModel.TriggerSequence, CombatRoutine",
            "Childs": [
              {
                "$type": "CombatRoutine.TriggerModel.TriggerCondNode, CombatRoutine",
                "CondLogicType": 0,
                "TriggerConds": [
                  {
                    "$type": "CombatRoutine.TriggerModel.TriggerCondAfterBattleStart, CombatRoutine",
                    "Delay": 477,
                    "DisplayName": "战斗开始后多少秒"
                  }
                ],
                "NodeType": 2,
                "Enable": true,
                "DisplayName": "条件",
                "Name": ""
              },
              {
                "$type": "CombatRoutine.TriggerModel.TriggerActionNode, CombatRoutine",
                "TriggerActions": [
                  {
                    "$type": "CombatRoutine.TriggerModel.TriggerActionCastSpell, CombatRoutine",
                    "SpellConfig": {
                      "Category": 0,
                      "SpellId": 7548,
                      "TargetType": 1
                    },
                    "DisplayName": "使用技能"
                  }
                ],
                "NodeType": 2,
                "Enable": true,
                "DisplayName": "行为",
                "Name": ""
              }
            ],
            "NodeType": 1,
            "Enable": true,
            "DisplayName": "序列",
            "Name": "477秒第二次防击退"
          },
          {
            "$type": "CombatRoutine.TriggerModel.TriggerSequence, CombatRoutine",
            "Childs": [
              {
                "$type": "CombatRoutine.TriggerModel.TriggerCondNode, CombatRoutine",
                "CondLogicType": 0,
                "TriggerConds": [
                  {
                    "$type": "CombatRoutine.TriggerModel.TriggerCondAfterBattleStart, CombatRoutine",
                    "Delay": 230,
                    "DisplayName": "战斗开始后多少秒"
                  }
                ],
                "NodeType": 2,
                "Enable": true,
                "DisplayName": "条件",
                "Name": ""
              },
              {
                "$type": "CombatRoutine.TriggerModel.TriggerActionNode, CombatRoutine",
                "TriggerActions": [
                  {
                    "$type": "CombatRoutine.TriggerModel.TriggerActionSwitchBurst, CombatRoutine",
                    "Burst": false,
                    "DisplayName": "切换爆发"
                  }
                ],
                "NodeType": 2,
                "Enable": true,
                "DisplayName": "行为",
                "Name": ""
              }
            ],
            "NodeType": 1,
            "Enable": true,
            "DisplayName": "序列",
            "Name": "230秒捕食前关爆发"
          },
          {
            "$type": "CombatRoutine.TriggerModel.TriggerSequence, CombatRoutine",
            "Childs": [
              {
                "$type": "CombatRoutine.TriggerModel.TriggerCondNode, CombatRoutine",
                "CondLogicType": 0,
                "TriggerConds": [
                  {
                    "$type": "CombatRoutine.TriggerModel.TriggerCondAfterBattleStart, CombatRoutine",
                    "Delay": 270,
                    "DisplayName": "战斗开始后多少秒"
                  }
                ],
                "NodeType": 2,
                "Enable": true,
                "DisplayName": "条件",
                "Name": ""
              },
              {
                "$type": "CombatRoutine.TriggerModel.TriggerActionNode, CombatRoutine",
                "TriggerActions": [
                  {
                    "$type": "CombatRoutine.TriggerModel.TriggerActionSwitchBurst, CombatRoutine",
                    "Burst": true,
                    "DisplayName": "切换爆发"
                  }
                ],
                "NodeType": 2,
                "Enable": true,
                "DisplayName": "行为",
                "Name": ""
              },
              {
                "$type": "CombatRoutine.TriggerModel.TriggerDelayNode, CombatRoutine",
                "NodeType": 2,
                "Enable": true,
                "DisplayName": "延迟[秒]",
                "Delay": 1.0,
                "Name": ""
              },
              {
                "$type": "CombatRoutine.TriggerModel.TriggerActionNode, CombatRoutine",
                "TriggerActions": [
                  {
                    "$type": "CombatRoutine.TriggerModel.TriggerActionUsePotion, CombatRoutine",
                    "DisplayName": "使用爆发药"
                  }
                ],
                "NodeType": 2,
                "Enable": true,
                "DisplayName": "行为",
                "Name": ""
              }
            ],
            "NodeType": 1,
            "Enable": true,
            "DisplayName": "序列",
            "Name": "270秒捕食后爆发"
          }
        ],
        "NodeType": 1,
        "Enable": true,
        "DisplayName": "并行",
        "Name": "策动减伤轴 含爆发"
      },
      {
        "$type": "CombatRoutine.TriggerModel.TriggerParallel, CombatRoutine",
        "Childs": [
          {
            "$type": "CombatRoutine.TriggerModel.TriggerSequence, CombatRoutine",
            "Childs": [
              {
                "$type": "CombatRoutine.TriggerModel.TriggerCondNode, CombatRoutine",
                "CondLogicType": 0,
                "TriggerConds": [
                  {
                    "$type": "CombatRoutine.TriggerModel.TriggerCondAfterBattleStart, CombatRoutine",
                    "Delay": 1,
                    "DisplayName": "战斗开始后多少秒"
                  }
                ],
                "NodeType": 2,
                "Enable": true,
                "DisplayName": "条件",
                "Name": ""
              },
              {
                "$type": "CombatRoutine.TriggerModel.TriggerActionNode, CombatRoutine",
                "TriggerActions": [
                  {
                    "$type": "AE.Machinist.Triggers.MCHTriggerActionSetBatteryQueue, AE",
                    "DisplayName": "机工电量轴 (起手不算)",
                    "BatteryList": [
                      80,
                      100,
                      90,
                      50,
                      90,
                      80,
                      80,
                      100
                    ]
                  }
                ],
                "NodeType": 2,
                "Enable": true,
                "DisplayName": "行为",
                "Name": ""
              }
            ],
            "NodeType": 1,
            "Enable": true,
            "DisplayName": "序列",
            "Name": "电量调整"
          },
          {
            "$type": "CombatRoutine.TriggerModel.TriggerSequence, CombatRoutine",
            "Childs": [
              {
                "$type": "CombatRoutine.TriggerModel.TriggerCondNode, CombatRoutine",
                "CondLogicType": 0,
                "TriggerConds": [
                  {
                    "$type": "CombatRoutine.TriggerModel.TriggerCondAfterBattleStart, CombatRoutine",
                    "Delay": 230,
                    "DisplayName": "战斗开始后多少秒"
                  }
                ],
                "NodeType": 2,
                "Enable": true,
                "DisplayName": "条件",
                "Name": "战斗开始230秒"
              },
              {
                "$type": "CombatRoutine.TriggerModel.TriggerActionNode, CombatRoutine",
                "TriggerActions": [
                  {
                    "$type": "CombatRoutine.TriggerModel.TriggerActionSwitchBurst, CombatRoutine",
                    "Burst": false,
                    "DisplayName": "切换爆发"
                  }
                ],
                "NodeType": 2,
                "Enable": true,
                "DisplayName": "行为",
                "Name": ""
              }
            ],
            "NodeType": 1,
            "Enable": true,
            "DisplayName": "序列",
            "Name": "230秒捕食前关爆发"
          },
          {
            "$type": "CombatRoutine.TriggerModel.TriggerSequence, CombatRoutine",
            "Childs": [
              {
                "$type": "CombatRoutine.TriggerModel.TriggerCondNode, CombatRoutine",
                "CondLogicType": 0,
                "TriggerConds": [
                  {
                    "$type": "CombatRoutine.TriggerModel.TriggerCondAfterBattleStart, CombatRoutine",
                    "Delay": 270,
                    "DisplayName": "战斗开始后多少秒"
                  }
                ],
                "NodeType": 2,
                "Enable": true,
                "DisplayName": "条件",
                "Name": "战斗开始270秒"
              },
              {
                "$type": "CombatRoutine.TriggerModel.TriggerActionNode, CombatRoutine",
                "TriggerActions": [
                  {
                    "$type": "CombatRoutine.TriggerModel.TriggerActionSwitchBurst, CombatRoutine",
                    "Burst": true,
                    "DisplayName": "切换爆发"
                  }
                ],
                "NodeType": 2,
                "Enable": true,
                "DisplayName": "行为",
                "Name": ""
              }
            ],
            "NodeType": 1,
            "Enable": true,
            "DisplayName": "序列",
            "Name": "270秒捕食后爆发"
          }
        ],
        "NodeType": 1,
        "Enable": false,
        "DisplayName": "并行",
        "Name": "循环爆发轴含电量调整无减伤"
      },
      {
        "$type": "CombatRoutine.TriggerModel.TriggerParallel, CombatRoutine",
        "Childs": [
          {
            "$type": "CombatRoutine.TriggerModel.TriggerSequence, CombatRoutine",
            "Childs": [
              {
                "$type": "CombatRoutine.TriggerModel.TriggerCondNode, CombatRoutine",
                "CondLogicType": 0,
                "TriggerConds": [
                  {
                    "$type": "CombatRoutine.TriggerModel.TriggerCondAfterBattleStart, CombatRoutine",
                    "Delay": 130,
                    "DisplayName": "战斗开始后多少秒"
                  }
                ],
                "NodeType": 2,
                "Enable": true,
                "DisplayName": "条件",
                "Name": ""
              },
              {
                "$type": "CombatRoutine.TriggerModel.TriggerActionNode, CombatRoutine",
                "TriggerActions": [
                  {
                    "$type": "CombatRoutine.TriggerModel.TriggerActionCastSpell, CombatRoutine",
                    "SpellConfig": {
                      "Category": 0,
                      "SpellId": 7548,
                      "TargetType": 1
                    },
                    "DisplayName": "使用技能"
                  }
                ],
                "NodeType": 2,
                "Enable": true,
                "DisplayName": "行为",
                "Name": ""
              }
            ],
            "NodeType": 1,
            "Enable": true,
            "DisplayName": "序列",
            "Name": "130秒第一次"
          },
          {
            "$type": "CombatRoutine.TriggerModel.TriggerSequence, CombatRoutine",
            "Childs": [
              {
                "$type": "CombatRoutine.TriggerModel.TriggerCondNode, CombatRoutine",
                "CondLogicType": 0,
                "TriggerConds": [
                  {
                    "$type": "CombatRoutine.TriggerModel.TriggerCondAfterBattleStart, CombatRoutine",
                    "Delay": 477,
                    "DisplayName": "战斗开始后多少秒"
                  }
                ],
                "NodeType": 2,
                "Enable": true,
                "DisplayName": "条件",
                "Name": ""
              },
              {
                "$type": "CombatRoutine.TriggerModel.TriggerActionNode, CombatRoutine",
                "TriggerActions": [
                  {
                    "$type": "CombatRoutine.TriggerModel.TriggerActionCastSpell, CombatRoutine",
                    "SpellConfig": {
                      "Category": 0,
                      "SpellId": 7548,
                      "TargetType": 1
                    },
                    "DisplayName": "使用技能"
                  }
                ],
                "NodeType": 2,
                "Enable": true,
                "DisplayName": "行为",
                "Name": ""
              }
            ],
            "NodeType": 1,
            "Enable": true,
            "DisplayName": "序列",
            "Name": "477秒第二次"
          }
        ],
        "NodeType": 1,
        "Enable": false,
        "DisplayName": "并行",
        "Name": "防击退轴"
      }
    ],
    "NodeType": 0,
    "Enable": true,
    "DisplayName": "Start",
    "Name": ""
  },
  "Author": "M.",
  "Name": "p5s - MCH",
  "TerritoryTypeId": 1082,
  "TargetJob": 31,
  "ExposedVars": []
}