{
  "Id": "2d39e976-5f59-420e-8abd-09ec9e48d3ff",
  "ConfigVersion": 6,
  "TriggerRoot": {
    "Childs": [
      {
        "$type": "CombatRoutine.TriggerModel.TriggerSequence, CombatRoutine",
        "Childs": [
          {
            "$type": "CombatRoutine.TriggerModel.TriggerCondNode, CombatRoutine",
            "CondLogicType": 0,
            "TriggerConds": [
              {
                "$type": "CombatRoutine.TriggerModel.TriggerCondAfterBattleStart, CombatRoutine",
                "Delay": 11,
                "DisplayName": "战斗开始后多少秒"
              }
            ],
            "NodeType": 2,
            "Enable": true,
            "DisplayName": "条件",
            "Name": "11秒 用 坚角清汁"
          },
          {
            "$type": "CombatRoutine.TriggerModel.TriggerActionNode, CombatRoutine",
            "TriggerActions": [
              {
                "$type": "CombatRoutine.TriggerModel.TriggerActionCastSpell, CombatRoutine",
                "SpellConfig": {
                  "Category": 0,
                  "SpellId": 24298,
                  "TargetType": 1
                },
                "DisplayName": "使用技能"
              }
            ],
            "NodeType": 2,
            "Enable": true,
            "DisplayName": "行为",
            "Name": "11秒 用 坚角清汁"
          },
          {
            "$type": "CombatRoutine.TriggerModel.TriggerCondNode, CombatRoutine",
            "CondLogicType": 0,
            "TriggerConds": [
              {
                "$type": "CombatRoutine.TriggerModel.TriggerCondAfterBattleStart, CombatRoutine",
                "Delay": 23,
                "DisplayName": "战斗开始后多少秒"
              }
            ],
            "NodeType": 2,
            "Enable": true,
            "DisplayName": "条件",
            "Name": "23秒 用 寄生清汁"
          },
          {
            "$type": "CombatRoutine.TriggerModel.TriggerActionNode, CombatRoutine",
            "TriggerActions": [
              {
                "$type": "CombatRoutine.TriggerModel.TriggerActionCastSpell, CombatRoutine",
                "SpellConfig": {
                  "Category": 0,
                  "SpellId": 24299,
                  "TargetType": 1
                },
                "DisplayName": "使用技能"
              }
            ],
            "NodeType": 2,
            "Enable": true,
            "DisplayName": "行为",
            "Name": "23秒 用 寄生清汁"
          },
          {
            "$type": "CombatRoutine.TriggerModel.TriggerCondNode, CombatRoutine",
            "CondLogicType": 0,
            "TriggerConds": [
              {
                "$type": "CombatRoutine.TriggerModel.TriggerCondAfterBattleStart, CombatRoutine",
                "Delay": 43,
                "DisplayName": "战斗开始后多少秒"
              }
            ],
            "NodeType": 2,
            "Enable": true,
            "DisplayName": "条件",
            "Name": "43秒 用 坚角清汁"
          },
          {
            "$type": "CombatRoutine.TriggerModel.TriggerActionNode, CombatRoutine",
            "TriggerActions": [
              {
                "$type": "CombatRoutine.TriggerModel.TriggerActionCastSpell, CombatRoutine",
                "SpellConfig": {
                  "Category": 0,
                  "SpellId": 24298,
                  "TargetType": 1
                },
                "DisplayName": "使用技能"
              }
            ],
            "NodeType": 2,
            "Enable": true,
            "DisplayName": "行为",
            "Name": "43秒 用 坚角清汁"
          },
          {
            "$type": "CombatRoutine.TriggerModel.TriggerCondNode, CombatRoutine",
            "CondLogicType": 0,
            "TriggerConds": [
              {
                "$type": "CombatRoutine.TriggerModel.TriggerCondAfterBattleStart, CombatRoutine",
                "Delay": 69,
                "DisplayName": "战斗开始后多少秒"
              }
            ],
            "NodeType": 2,
            "Enable": true,
            "DisplayName": "条件",
            "Name": "69秒 用 拯救"
          },
          {
            "$type": "CombatRoutine.TriggerModel.TriggerActionNode, CombatRoutine",
            "TriggerActions": [
              {
                "$type": "CombatRoutine.TriggerModel.TriggerActionCastSpell, CombatRoutine",
                "SpellConfig": {
                  "Category": 0,
                  "SpellId": 24294,
                  "TargetType": 1
                },
                "DisplayName": "使用技能"
              }
            ],
            "NodeType": 2,
            "Enable": true,
            "DisplayName": "行为",
            "Name": "69秒 用 拯救"
          },
          {
            "$type": "CombatRoutine.TriggerModel.TriggerCondNode, CombatRoutine",
            "CondLogicType": 0,
            "TriggerConds": [
              {
                "$type": "CombatRoutine.TriggerModel.TriggerCondAfterBattleStart, CombatRoutine",
                "Delay": 77,
                "DisplayName": "战斗开始后多少秒"
              }
            ],
            "NodeType": 2,
            "Enable": true,
            "DisplayName": "条件",
            "Name": "77秒 用 输血"
          },
          {
            "$type": "CombatRoutine.TriggerModel.TriggerActionNode, CombatRoutine",
            "TriggerActions": [
              {
                "$type": "CombatRoutine.TriggerModel.TriggerActionCastSpell, CombatRoutine",
                "SpellConfig": {
                  "Category": 0,
                  "SpellId": 24305,
                  "TargetType": 3
                },
                "DisplayName": "使用技能"
              }
            ],
            "NodeType": 2,
            "Enable": true,
            "DisplayName": "行为",
            "Name": "77秒 用 输血"
          },
          {
            "$type": "CombatRoutine.TriggerModel.TriggerCondNode, CombatRoutine",
            "CondLogicType": 0,
            "TriggerConds": [
              {
                "$type": "CombatRoutine.TriggerModel.TriggerCondAfterBattleStart, CombatRoutine",
                "Delay": 89,
                "DisplayName": "战斗开始后多少秒"
              }
            ],
            "NodeType": 2,
            "Enable": true,
            "DisplayName": "条件",
            "Name": "89秒 用 寄生清汁"
          },
          {
            "$type": "CombatRoutine.TriggerModel.TriggerActionNode, CombatRoutine",
            "TriggerActions": [
              {
                "$type": "CombatRoutine.TriggerModel.TriggerActionCastSpell, CombatRoutine",
                "SpellConfig": {
                  "Category": 0,
                  "SpellId": 24299,
                  "TargetType": 1
                },
                "DisplayName": "使用技能"
              }
            ],
            "NodeType": 2,
            "Enable": true,
            "DisplayName": "行为",
            "Name": "89秒 用 寄生清汁"
          },
          {
            "$type": "CombatRoutine.TriggerModel.TriggerCondNode, CombatRoutine",
            "CondLogicType": 0,
            "TriggerConds": [
              {
                "$type": "CombatRoutine.TriggerModel.TriggerCondAfterBattleStart, CombatRoutine",
                "Delay": 113,
                "DisplayName": "战斗开始后多少秒"
              }
            ],
            "NodeType": 2,
            "Enable": true,
            "DisplayName": "条件",
            "Name": "113秒 用 坚角清汁"
          },
          {
            "$type": "CombatRoutine.TriggerModel.TriggerActionNode, CombatRoutine",
            "TriggerActions": [
              {
                "$type": "CombatRoutine.TriggerModel.TriggerActionCastSpell, CombatRoutine",
                "SpellConfig": {
                  "Category": 0,
                  "SpellId": 24298,
                  "TargetType": 1
                },
                "DisplayName": "使用技能"
              }
            ],
            "NodeType": 2,
            "Enable": true,
            "DisplayName": "行为",
            "Name": "113秒 用 坚角清汁"
          },
          {
            "$type": "CombatRoutine.TriggerModel.TriggerCondNode, CombatRoutine",
            "CondLogicType": 0,
            "TriggerConds": [
              {
                "$type": "CombatRoutine.TriggerModel.TriggerCondAfterBattleStart, CombatRoutine",
                "Delay": 127,
                "DisplayName": "战斗开始后多少秒"
              }
            ],
            "NodeType": 2,
            "Enable": true,
            "DisplayName": "条件",
            "Name": "127秒 用 整体论"
          },
          {
            "$type": "CombatRoutine.TriggerModel.TriggerActionNode, CombatRoutine",
            "TriggerActions": [
              {
                "$type": "CombatRoutine.TriggerModel.TriggerActionCastSpell, CombatRoutine",
                "SpellConfig": {
                  "Category": 0,
                  "SpellId": 24310,
                  "TargetType": 1
                },
                "DisplayName": "使用技能"
              }
            ],
            "NodeType": 2,
            "Enable": true,
            "DisplayName": "行为",
            "Name": "127秒 用 整体论"
          },
          {
            "$type": "CombatRoutine.TriggerModel.TriggerCondNode, CombatRoutine",
            "CondLogicType": 0,
            "TriggerConds": [
              {
                "$type": "CombatRoutine.TriggerModel.TriggerCondAfterBattleStart, CombatRoutine",
                "Delay": 130,
                "DisplayName": "战斗开始后多少秒"
              }
            ],
            "NodeType": 2,
            "Enable": true,
            "DisplayName": "条件",
            "Name": "130秒 用 沉稳咏唱"
          },
          {
            "$type": "CombatRoutine.TriggerModel.TriggerActionNode, CombatRoutine",
            "TriggerActions": [
              {
                "$type": "CombatRoutine.TriggerModel.TriggerActionCastSpell, CombatRoutine",
                "SpellConfig": {
                  "Category": 0,
                  "SpellId": 7559,
                  "TargetType": 1
                },
                "DisplayName": "使用技能"
              }
            ],
            "NodeType": 2,
            "Enable": true,
            "DisplayName": "行为",
            "Name": "130秒 用 沉稳咏唱"
          },
          {
            "$type": "CombatRoutine.TriggerModel.TriggerCondNode, CombatRoutine",
            "CondLogicType": 0,
            "TriggerConds": [
              {
                "$type": "CombatRoutine.TriggerModel.TriggerCondAfterBattleStart, CombatRoutine",
                "Delay": 137,
                "DisplayName": "战斗开始后多少秒"
              }
            ],
            "NodeType": 2,
            "Enable": true,
            "DisplayName": "条件",
            "Name": "137秒 用 寄生清汁"
          },
          {
            "$type": "CombatRoutine.TriggerModel.TriggerActionNode, CombatRoutine",
            "TriggerActions": [
              {
                "$type": "CombatRoutine.TriggerModel.TriggerActionCastSpell, CombatRoutine",
                "SpellConfig": {
                  "Category": 0,
                  "SpellId": 24299,
                  "TargetType": 1
                },
                "DisplayName": "使用技能"
              }
            ],
            "NodeType": 2,
            "Enable": true,
            "DisplayName": "行为",
            "Name": "137秒 用 寄生清汁"
          },
          {
            "$type": "CombatRoutine.TriggerModel.TriggerCondNode, CombatRoutine",
            "CondLogicType": 0,
            "TriggerConds": [
              {
                "$type": "CombatRoutine.TriggerModel.TriggerCondAfterBattleStart, CombatRoutine",
                "Delay": 139,
                "DisplayName": "战斗开始后多少秒"
              }
            ],
            "NodeType": 2,
            "Enable": true,
            "DisplayName": "条件",
            "Name": "139秒 用 自生II"
          },
          {
            "$type": "CombatRoutine.TriggerModel.TriggerActionNode, CombatRoutine",
            "TriggerActions": [
              {
                "$type": "CombatRoutine.TriggerModel.TriggerActionCastSpell, CombatRoutine",
                "SpellConfig": {
                  "Category": 0,
                  "SpellId": 24302,
                  "TargetType": 1
                },
                "DisplayName": "使用技能"
              }
            ],
            "NodeType": 2,
            "Enable": true,
            "DisplayName": "行为",
            "Name": "139秒 用 自生II"
          },
          {
            "$type": "CombatRoutine.TriggerModel.TriggerCondNode, CombatRoutine",
            "CondLogicType": 0,
            "TriggerConds": [
              {
                "$type": "CombatRoutine.TriggerModel.TriggerCondAfterBattleStart, CombatRoutine",
                "Delay": 144,
                "DisplayName": "战斗开始后多少秒"
              }
            ],
            "NodeType": 2,
            "Enable": true,
            "DisplayName": "条件",
            "Name": "144秒 用 坚角清汁"
          },
          {
            "$type": "CombatRoutine.TriggerModel.TriggerActionNode, CombatRoutine",
            "TriggerActions": [
              {
                "$type": "CombatRoutine.TriggerModel.TriggerActionCastSpell, CombatRoutine",
                "SpellConfig": {
                  "Category": 0,
                  "SpellId": 24298,
                  "TargetType": 1
                },
                "DisplayName": "使用技能"
              }
            ],
            "NodeType": 2,
            "Enable": true,
            "DisplayName": "行为",
            "Name": "144秒 用 坚角清汁"
          },
          {
            "$type": "CombatRoutine.TriggerModel.TriggerCondNode, CombatRoutine",
            "CondLogicType": 0,
            "TriggerConds": [
              {
                "$type": "CombatRoutine.TriggerModel.TriggerCondAfterBattleStart, CombatRoutine",
                "Delay": 159,
                "DisplayName": "战斗开始后多少秒"
              }
            ],
            "NodeType": 2,
            "Enable": true,
            "DisplayName": "条件",
            "Name": "159秒 用 活化"
          },
          {
            "$type": "CombatRoutine.TriggerModel.TriggerActionNode, CombatRoutine",
            "TriggerActions": [
              {
                "$type": "CombatRoutine.TriggerModel.TriggerActionCastSpell, CombatRoutine",
                "SpellConfig": {
                  "Category": 0,
                  "SpellId": 24300,
                  "TargetType": 1
                },
                "DisplayName": "使用技能"
              }
            ],
            "NodeType": 2,
            "Enable": true,
            "DisplayName": "行为",
            "Name": "159秒 用 活化"
          },
          {
            "$type": "CombatRoutine.TriggerModel.TriggerCondNode, CombatRoutine",
            "CondLogicType": 0,
            "TriggerConds": [
              {
                "$type": "CombatRoutine.TriggerModel.TriggerCondAfterBattleStart, CombatRoutine",
                "Delay": 161,
                "DisplayName": "战斗开始后多少秒"
              }
            ],
            "NodeType": 2,
            "Enable": true,
            "DisplayName": "条件",
            "Name": "161秒 用 魂灵风息"
          },
          {
            "$type": "CombatRoutine.TriggerModel.TriggerActionNode, CombatRoutine",
            "TriggerActions": [
              {
                "$type": "CombatRoutine.TriggerModel.TriggerActionCastSpell, CombatRoutine",
                "SpellConfig": {
                  "Category": 0,
                  "SpellId": 24318,
                  "TargetType": 0
                },
                "DisplayName": "使用技能"
              }
            ],
            "NodeType": 2,
            "Enable": true,
            "DisplayName": "行为",
            "Name": "161秒 用 魂灵风息"
          },
          {
            "$type": "CombatRoutine.TriggerModel.TriggerCondNode, CombatRoutine",
            "CondLogicType": 0,
            "TriggerConds": [
              {
                "$type": "CombatRoutine.TriggerModel.TriggerCondAfterBattleStart, CombatRoutine",
                "Delay": 195,
                "DisplayName": "战斗开始后多少秒"
              }
            ],
            "NodeType": 2,
            "Enable": true,
            "DisplayName": "条件",
            "Name": "195秒 用 白牛清汁"
          },
          {
            "$type": "CombatRoutine.TriggerModel.TriggerActionNode, CombatRoutine",
            "TriggerActions": [
              {
                "$type": "CombatRoutine.TriggerModel.TriggerActionCastSpell, CombatRoutine",
                "SpellConfig": {
                  "Category": 0,
                  "SpellId": 24303,
                  "TargetType": 3
                },
                "DisplayName": "使用技能"
              }
            ],
            "NodeType": 2,
            "Enable": true,
            "DisplayName": "行为",
            "Name": "195秒 用 白牛清汁"
          },
          {
            "$type": "CombatRoutine.TriggerModel.TriggerCondNode, CombatRoutine",
            "CondLogicType": 0,
            "TriggerConds": [
              {
                "$type": "CombatRoutine.TriggerModel.TriggerCondAfterBattleStart, CombatRoutine",
                "Delay": 200,
                "DisplayName": "战斗开始后多少秒"
              }
            ],
            "NodeType": 2,
            "Enable": true,
            "DisplayName": "条件",
            "Name": "200秒 用 输血"
          },
          {
            "$type": "CombatRoutine.TriggerModel.TriggerActionNode, CombatRoutine",
            "TriggerActions": [
              {
                "$type": "CombatRoutine.TriggerModel.TriggerActionCastSpell, CombatRoutine",
                "SpellConfig": {
                  "Category": 0,
                  "SpellId": 24305,
                  "TargetType": 3
                },
                "DisplayName": "使用技能"
              }
            ],
            "NodeType": 2,
            "Enable": true,
            "DisplayName": "行为",
            "Name": "200秒 用 输血"
          },
          {
            "$type": "CombatRoutine.TriggerModel.TriggerCondNode, CombatRoutine",
            "CondLogicType": 0,
            "TriggerConds": [
              {
                "$type": "CombatRoutine.TriggerModel.TriggerCondAfterBattleStart, CombatRoutine",
                "Delay": 210,
                "DisplayName": "战斗开始后多少秒"
              }
            ],
            "NodeType": 2,
            "Enable": true,
            "DisplayName": "条件",
            "Name": "210秒 用 泛输血"
          },
          {
            "$type": "CombatRoutine.TriggerModel.TriggerActionNode, CombatRoutine",
            "TriggerActions": [
              {
                "$type": "CombatRoutine.TriggerModel.TriggerActionCastSpell, CombatRoutine",
                "SpellConfig": {
                  "Category": 0,
                  "SpellId": 24311,
                  "TargetType": 1
                },
                "DisplayName": "使用技能"
              }
            ],
            "NodeType": 2,
            "Enable": true,
            "DisplayName": "行为",
            "Name": "210秒 用 泛输血"
          },
          {
            "$type": "CombatRoutine.TriggerModel.TriggerCondNode, CombatRoutine",
            "CondLogicType": 0,
            "TriggerConds": [
              {
                "$type": "CombatRoutine.TriggerModel.TriggerCondAfterBattleStart, CombatRoutine",
                "Delay": 212,
                "DisplayName": "战斗开始后多少秒"
              }
            ],
            "NodeType": 2,
            "Enable": true,
            "DisplayName": "条件",
            "Name": "212秒 用 坚角清汁"
          },
          {
            "$type": "CombatRoutine.TriggerModel.TriggerActionNode, CombatRoutine",
            "TriggerActions": [
              {
                "$type": "CombatRoutine.TriggerModel.TriggerActionCastSpell, CombatRoutine",
                "SpellConfig": {
                  "Category": 0,
                  "SpellId": 24298,
                  "TargetType": 1
                },
                "DisplayName": "使用技能"
              }
            ],
            "NodeType": 2,
            "Enable": true,
            "DisplayName": "行为",
            "Name": "212秒 用 坚角清汁"
          },
          {
            "$type": "CombatRoutine.TriggerModel.TriggerCondNode, CombatRoutine",
            "CondLogicType": 0,
            "TriggerConds": [
              {
                "$type": "CombatRoutine.TriggerModel.TriggerCondAfterBattleStart, CombatRoutine",
                "Delay": 217,
                "DisplayName": "战斗开始后多少秒"
              }
            ],
            "NodeType": 2,
            "Enable": true,
            "DisplayName": "条件",
            "Name": "217秒 用 寄生清汁"
          },
          {
            "$type": "CombatRoutine.TriggerModel.TriggerActionNode, CombatRoutine",
            "TriggerActions": [
              {
                "$type": "CombatRoutine.TriggerModel.TriggerActionCastSpell, CombatRoutine",
                "SpellConfig": {
                  "Category": 0,
                  "SpellId": 24299,
                  "TargetType": 1
                },
                "DisplayName": "使用技能"
              }
            ],
            "NodeType": 2,
            "Enable": true,
            "DisplayName": "行为",
            "Name": "217秒 用 寄生清汁"
          },
          {
            "$type": "CombatRoutine.TriggerModel.TriggerCondNode, CombatRoutine",
            "CondLogicType": 0,
            "TriggerConds": [
              {
                "$type": "CombatRoutine.TriggerModel.TriggerCondAfterBattleStart, CombatRoutine",
                "Delay": 226,
                "DisplayName": "战斗开始后多少秒"
              }
            ],
            "NodeType": 2,
            "Enable": true,
            "DisplayName": "条件",
            "Name": "226秒 用 自生II"
          },
          {
            "$type": "CombatRoutine.TriggerModel.TriggerActionNode, CombatRoutine",
            "TriggerActions": [
              {
                "$type": "CombatRoutine.TriggerModel.TriggerActionCastSpell, CombatRoutine",
                "SpellConfig": {
                  "Category": 0,
                  "SpellId": 24302,
                  "TargetType": 1
                },
                "DisplayName": "使用技能"
              }
            ],
            "NodeType": 2,
            "Enable": true,
            "DisplayName": "行为",
            "Name": "226秒 用 自生II"
          },
          {
            "$type": "CombatRoutine.TriggerModel.TriggerCondNode, CombatRoutine",
            "CondLogicType": 0,
            "TriggerConds": [
              {
                "$type": "CombatRoutine.TriggerModel.TriggerCondAfterBattleStart, CombatRoutine",
                "Delay": 279,
                "DisplayName": "战斗开始后多少秒"
              }
            ],
            "NodeType": 2,
            "Enable": true,
            "DisplayName": "条件",
            "Name": "279秒 用 坚角清汁"
          },
          {
            "$type": "CombatRoutine.TriggerModel.TriggerActionNode, CombatRoutine",
            "TriggerActions": [
              {
                "$type": "CombatRoutine.TriggerModel.TriggerActionCastSpell, CombatRoutine",
                "SpellConfig": {
                  "Category": 0,
                  "SpellId": 24298,
                  "TargetType": 1
                },
                "DisplayName": "使用技能"
              }
            ],
            "NodeType": 2,
            "Enable": true,
            "DisplayName": "行为",
            "Name": "279秒 用 坚角清汁"
          },
          {
            "$type": "CombatRoutine.TriggerModel.TriggerCondNode, CombatRoutine",
            "CondLogicType": 0,
            "TriggerConds": [
              {
                "$type": "CombatRoutine.TriggerModel.TriggerCondAfterBattleStart, CombatRoutine",
                "Delay": 291,
                "DisplayName": "战斗开始后多少秒"
              }
            ],
            "NodeType": 2,
            "Enable": true,
            "DisplayName": "条件",
            "Name": "291秒 用 寄生清汁"
          },
          {
            "$type": "CombatRoutine.TriggerModel.TriggerActionNode, CombatRoutine",
            "TriggerActions": [
              {
                "$type": "CombatRoutine.TriggerModel.TriggerActionCastSpell, CombatRoutine",
                "SpellConfig": {
                  "Category": 0,
                  "SpellId": 24299,
                  "TargetType": 1
                },
                "DisplayName": "使用技能"
              }
            ],
            "NodeType": 2,
            "Enable": true,
            "DisplayName": "行为",
            "Name": "291秒 用 寄生清汁"
          },
          {
            "$type": "CombatRoutine.TriggerModel.TriggerCondNode, CombatRoutine",
            "CondLogicType": 0,
            "TriggerConds": [
              {
                "$type": "CombatRoutine.TriggerModel.TriggerCondAfterBattleStart, CombatRoutine",
                "Delay": 293,
                "DisplayName": "战斗开始后多少秒"
              }
            ],
            "NodeType": 2,
            "Enable": true,
            "DisplayName": "条件",
            "Name": "293秒 用 自生II"
          },
          {
            "$type": "CombatRoutine.TriggerModel.TriggerActionNode, CombatRoutine",
            "TriggerActions": [
              {
                "$type": "CombatRoutine.TriggerModel.TriggerActionCastSpell, CombatRoutine",
                "SpellConfig": {
                  "Category": 0,
                  "SpellId": 24302,
                  "TargetType": 1
                },
                "DisplayName": "使用技能"
              }
            ],
            "NodeType": 2,
            "Enable": true,
            "DisplayName": "行为",
            "Name": "293秒 用 自生II"
          },
          {
            "$type": "CombatRoutine.TriggerModel.TriggerCondNode, CombatRoutine",
            "CondLogicType": 0,
            "TriggerConds": [
              {
                "$type": "CombatRoutine.TriggerModel.TriggerCondAfterBattleStart, CombatRoutine",
                "Delay": 310,
                "DisplayName": "战斗开始后多少秒"
              }
            ],
            "NodeType": 2,
            "Enable": true,
            "DisplayName": "条件",
            "Name": "310秒 用 坚角清汁"
          },
          {
            "$type": "CombatRoutine.TriggerModel.TriggerActionNode, CombatRoutine",
            "TriggerActions": [
              {
                "$type": "CombatRoutine.TriggerModel.TriggerActionCastSpell, CombatRoutine",
                "SpellConfig": {
                  "Category": 0,
                  "SpellId": 24298,
                  "TargetType": 1
                },
                "DisplayName": "使用技能"
              }
            ],
            "NodeType": 2,
            "Enable": true,
            "DisplayName": "行为",
            "Name": "310秒 用 坚角清汁"
          },
          {
            "$type": "CombatRoutine.TriggerModel.TriggerCondNode, CombatRoutine",
            "CondLogicType": 0,
            "TriggerConds": [
              {
                "$type": "CombatRoutine.TriggerModel.TriggerCondAfterBattleStart, CombatRoutine",
                "Delay": 335,
                "DisplayName": "战斗开始后多少秒"
              }
            ],
            "NodeType": 2,
            "Enable": true,
            "DisplayName": "条件",
            "Name": "335秒 用 白牛清汁"
          },
          {
            "$type": "CombatRoutine.TriggerModel.TriggerActionNode, CombatRoutine",
            "TriggerActions": [
              {
                "$type": "CombatRoutine.TriggerModel.TriggerActionCastSpell, CombatRoutine",
                "SpellConfig": {
                  "Category": 0,
                  "SpellId": 24303,
                  "TargetType": 3
                },
                "DisplayName": "使用技能"
              }
            ],
            "NodeType": 2,
            "Enable": true,
            "DisplayName": "行为",
            "Name": "335秒 用 白牛清汁"
          },
          {
            "$type": "CombatRoutine.TriggerModel.TriggerCondNode, CombatRoutine",
            "CondLogicType": 0,
            "TriggerConds": [
              {
                "$type": "CombatRoutine.TriggerModel.TriggerCondAfterBattleStart, CombatRoutine",
                "Delay": 349,
                "DisplayName": "战斗开始后多少秒"
              }
            ],
            "NodeType": 2,
            "Enable": true,
            "DisplayName": "条件",
            "Name": "349秒 用 坚角清汁"
          },
          {
            "$type": "CombatRoutine.TriggerModel.TriggerActionNode, CombatRoutine",
            "TriggerActions": [
              {
                "$type": "CombatRoutine.TriggerModel.TriggerActionCastSpell, CombatRoutine",
                "SpellConfig": {
                  "Category": 0,
                  "SpellId": 24298,
                  "TargetType": 1
                },
                "DisplayName": "使用技能"
              }
            ],
            "NodeType": 2,
            "Enable": true,
            "DisplayName": "行为",
            "Name": "349秒 用 坚角清汁"
          },
          {
            "$type": "CombatRoutine.TriggerModel.TriggerCondNode, CombatRoutine",
            "CondLogicType": 0,
            "TriggerConds": [
              {
                "$type": "CombatRoutine.TriggerModel.TriggerCondAfterBattleStart, CombatRoutine",
                "Delay": 354,
                "DisplayName": "战斗开始后多少秒"
              }
            ],
            "NodeType": 2,
            "Enable": true,
            "DisplayName": "条件",
            "Name": "354秒 用 寄生清汁"
          },
          {
            "$type": "CombatRoutine.TriggerModel.TriggerActionNode, CombatRoutine",
            "TriggerActions": [
              {
                "$type": "CombatRoutine.TriggerModel.TriggerActionCastSpell, CombatRoutine",
                "SpellConfig": {
                  "Category": 0,
                  "SpellId": 24299,
                  "TargetType": 1
                },
                "DisplayName": "使用技能"
              }
            ],
            "NodeType": 2,
            "Enable": true,
            "DisplayName": "行为",
            "Name": "354秒 用 寄生清汁"
          },
          {
            "$type": "CombatRoutine.TriggerModel.TriggerCondNode, CombatRoutine",
            "CondLogicType": 0,
            "TriggerConds": [
              {
                "$type": "CombatRoutine.TriggerModel.TriggerCondAfterBattleStart, CombatRoutine",
                "Delay": 362,
                "DisplayName": "战斗开始后多少秒"
              }
            ],
            "NodeType": 2,
            "Enable": true,
            "DisplayName": "条件",
            "Name": "362秒 用 泛输血"
          },
          {
            "$type": "CombatRoutine.TriggerModel.TriggerActionNode, CombatRoutine",
            "TriggerActions": [
              {
                "$type": "CombatRoutine.TriggerModel.TriggerActionCastSpell, CombatRoutine",
                "SpellConfig": {
                  "Category": 0,
                  "SpellId": 24311,
                  "TargetType": 1
                },
                "DisplayName": "使用技能"
              }
            ],
            "NodeType": 2,
            "Enable": true,
            "DisplayName": "行为",
            "Name": "362秒 用 泛输血"
          },
          {
            "$type": "CombatRoutine.TriggerModel.TriggerCondNode, CombatRoutine",
            "CondLogicType": 0,
            "TriggerConds": [
              {
                "$type": "CombatRoutine.TriggerModel.TriggerCondAfterBattleStart, CombatRoutine",
                "Delay": 383,
                "DisplayName": "战斗开始后多少秒"
              }
            ],
            "NodeType": 2,
            "Enable": true,
            "DisplayName": "条件",
            "Name": "383秒 用 整体论"
          },
          {
            "$type": "CombatRoutine.TriggerModel.TriggerActionNode, CombatRoutine",
            "TriggerActions": [
              {
                "$type": "CombatRoutine.TriggerModel.TriggerActionCastSpell, CombatRoutine",
                "SpellConfig": {
                  "Category": 0,
                  "SpellId": 24310,
                  "TargetType": 1
                },
                "DisplayName": "使用技能"
              }
            ],
            "NodeType": 2,
            "Enable": true,
            "DisplayName": "行为",
            "Name": "383秒 用 整体论"
          },
          {
            "$type": "CombatRoutine.TriggerModel.TriggerCondNode, CombatRoutine",
            "CondLogicType": 0,
            "TriggerConds": [
              {
                "$type": "CombatRoutine.TriggerModel.TriggerCondAfterBattleStart, CombatRoutine",
                "Delay": 383,
                "DisplayName": "战斗开始后多少秒"
              }
            ],
            "NodeType": 2,
            "Enable": true,
            "DisplayName": "条件",
            "Name": "383秒 用 活化"
          },
          {
            "$type": "CombatRoutine.TriggerModel.TriggerActionNode, CombatRoutine",
            "TriggerActions": [
              {
                "$type": "CombatRoutine.TriggerModel.TriggerActionCastSpell, CombatRoutine",
                "SpellConfig": {
                  "Category": 0,
                  "SpellId": 24300,
                  "TargetType": 1
                },
                "DisplayName": "使用技能"
              }
            ],
            "NodeType": 2,
            "Enable": true,
            "DisplayName": "行为",
            "Name": "383秒 用 活化"
          },
          {
            "$type": "CombatRoutine.TriggerModel.TriggerCondNode, CombatRoutine",
            "CondLogicType": 0,
            "TriggerConds": [
              {
                "$type": "CombatRoutine.TriggerModel.TriggerCondAfterBattleStart, CombatRoutine",
                "Delay": 385,
                "DisplayName": "战斗开始后多少秒"
              }
            ],
            "NodeType": 2,
            "Enable": true,
            "DisplayName": "条件",
            "Name": "385秒 用 魂灵风息"
          },
          {
            "$type": "CombatRoutine.TriggerModel.TriggerActionNode, CombatRoutine",
            "TriggerActions": [
              {
                "$type": "CombatRoutine.TriggerModel.TriggerActionCastSpell, CombatRoutine",
                "SpellConfig": {
                  "Category": 0,
                  "SpellId": 24318,
                  "TargetType": 0
                },
                "DisplayName": "使用技能"
              }
            ],
            "NodeType": 2,
            "Enable": true,
            "DisplayName": "行为",
            "Name": "385秒 用 魂灵风息"
          },
          {
            "$type": "CombatRoutine.TriggerModel.TriggerCondNode, CombatRoutine",
            "CondLogicType": 0,
            "TriggerConds": [
              {
                "$type": "CombatRoutine.TriggerModel.TriggerCondAfterBattleStart, CombatRoutine",
                "Delay": 388,
                "DisplayName": "战斗开始后多少秒"
              }
            ],
            "NodeType": 2,
            "Enable": true,
            "DisplayName": "条件",
            "Name": "388秒 用 寄生清汁"
          },
          {
            "$type": "CombatRoutine.TriggerModel.TriggerActionNode, CombatRoutine",
            "TriggerActions": [
              {
                "$type": "CombatRoutine.TriggerModel.TriggerActionCastSpell, CombatRoutine",
                "SpellConfig": {
                  "Category": 0,
                  "SpellId": 24299,
                  "TargetType": 1
                },
                "DisplayName": "使用技能"
              }
            ],
            "NodeType": 2,
            "Enable": true,
            "DisplayName": "行为",
            "Name": "388秒 用 寄生清汁"
          },
          {
            "$type": "CombatRoutine.TriggerModel.TriggerCondNode, CombatRoutine",
            "CondLogicType": 0,
            "TriggerConds": [
              {
                "$type": "CombatRoutine.TriggerModel.TriggerCondAfterBattleStart, CombatRoutine",
                "Delay": 410,
                "DisplayName": "战斗开始后多少秒"
              }
            ],
            "NodeType": 2,
            "Enable": true,
            "DisplayName": "条件",
            "Name": "410秒 用 白牛清汁"
          },
          {
            "$type": "CombatRoutine.TriggerModel.TriggerActionNode, CombatRoutine",
            "TriggerActions": [
              {
                "$type": "CombatRoutine.TriggerModel.TriggerActionCastSpell, CombatRoutine",
                "SpellConfig": {
                  "Category": 0,
                  "SpellId": 24303,
                  "TargetType": 3
                },
                "DisplayName": "使用技能"
              }
            ],
            "NodeType": 2,
            "Enable": true,
            "DisplayName": "行为",
            "Name": "410秒 用 白牛清汁"
          },
          {
            "$type": "CombatRoutine.TriggerModel.TriggerCondNode, CombatRoutine",
            "CondLogicType": 0,
            "TriggerConds": [
              {
                "$type": "CombatRoutine.TriggerModel.TriggerCondAfterBattleStart, CombatRoutine",
                "Delay": 415,
                "DisplayName": "战斗开始后多少秒"
              }
            ],
            "NodeType": 2,
            "Enable": true,
            "DisplayName": "条件",
            "Name": "415秒 用 自生II"
          },
          {
            "$type": "CombatRoutine.TriggerModel.TriggerActionNode, CombatRoutine",
            "TriggerActions": [
              {
                "$type": "CombatRoutine.TriggerModel.TriggerActionCastSpell, CombatRoutine",
                "SpellConfig": {
                  "Category": 0,
                  "SpellId": 24302,
                  "TargetType": 1
                },
                "DisplayName": "使用技能"
              }
            ],
            "NodeType": 2,
            "Enable": true,
            "DisplayName": "行为",
            "Name": "415秒 用 自生II"
          },
          {
            "$type": "CombatRoutine.TriggerModel.TriggerCondNode, CombatRoutine",
            "CondLogicType": 0,
            "TriggerConds": [
              {
                "$type": "CombatRoutine.TriggerModel.TriggerCondAfterBattleStart, CombatRoutine",
                "Delay": 425,
                "DisplayName": "战斗开始后多少秒"
              }
            ],
            "NodeType": 2,
            "Enable": true,
            "DisplayName": "条件",
            "Name": "425秒 用 输血"
          },
          {
            "$type": "CombatRoutine.TriggerModel.TriggerActionNode, CombatRoutine",
            "TriggerActions": [
              {
                "$type": "CombatRoutine.TriggerModel.TriggerActionCastSpell, CombatRoutine",
                "SpellConfig": {
                  "Category": 0,
                  "SpellId": 24305,
                  "TargetType": 3
                },
                "DisplayName": "使用技能"
              }
            ],
            "NodeType": 2,
            "Enable": true,
            "DisplayName": "行为",
            "Name": "425秒 用 输血"
          },
          {
            "$type": "CombatRoutine.TriggerModel.TriggerCondNode, CombatRoutine",
            "CondLogicType": 0,
            "TriggerConds": [
              {
                "$type": "CombatRoutine.TriggerModel.TriggerCondAfterBattleStart, CombatRoutine",
                "Delay": 432,
                "DisplayName": "战斗开始后多少秒"
              }
            ],
            "NodeType": 2,
            "Enable": true,
            "DisplayName": "条件",
            "Name": "432秒 用 坚角清汁"
          },
          {
            "$type": "CombatRoutine.TriggerModel.TriggerActionNode, CombatRoutine",
            "TriggerActions": [
              {
                "$type": "CombatRoutine.TriggerModel.TriggerActionCastSpell, CombatRoutine",
                "SpellConfig": {
                  "Category": 0,
                  "SpellId": 24298,
                  "TargetType": 1
                },
                "DisplayName": "使用技能"
              }
            ],
            "NodeType": 2,
            "Enable": true,
            "DisplayName": "行为",
            "Name": "432秒 用 坚角清汁"
          },
          {
            "$type": "CombatRoutine.TriggerModel.TriggerCondNode, CombatRoutine",
            "CondLogicType": 0,
            "TriggerConds": [
              {
                "$type": "CombatRoutine.TriggerModel.TriggerCondAfterBattleStart, CombatRoutine",
                "Delay": 439,
                "DisplayName": "战斗开始后多少秒"
              }
            ],
            "NodeType": 2,
            "Enable": true,
            "DisplayName": "条件",
            "Name": "439秒 用 寄生清汁"
          },
          {
            "$type": "CombatRoutine.TriggerModel.TriggerActionNode, CombatRoutine",
            "TriggerActions": [
              {
                "$type": "CombatRoutine.TriggerModel.TriggerActionCastSpell, CombatRoutine",
                "SpellConfig": {
                  "Category": 0,
                  "SpellId": 24299,
                  "TargetType": 1
                },
                "DisplayName": "使用技能"
              }
            ],
            "NodeType": 2,
            "Enable": true,
            "DisplayName": "行为",
            "Name": "439秒 用 寄生清汁"
          }
        ],
        "NodeType": 1,
        "Enable": true,
        "DisplayName": "序列",
        "Name": ""
      }
    ],
    "NodeType": 0,
    "Enable": true,
    "DisplayName": "Start",
    "Name": ""
  },
  "Author": "fra",
  "Name": "p5s-sge",
  "TerritoryTypeId": 1082,
  "TargetJob": 40,
  "ExposedVars": []
}