{
  "ConfigVersion": 6,
  "TriggerRoot": {
    "Childs": [
      {
        "$type": "CombatRoutine.TriggerModel.TriggerParallel, CombatRoutine",
        "Childs": [
          {
            "$type": "CombatRoutine.TriggerModel.TriggerSequence, CombatRoutine",
            "Childs": [
              {
                "$type": "CombatRoutine.TriggerModel.TriggerCondNode, CombatRoutine",
                "CondLogicType": 0,
                "TriggerConds": [
                  {
                    "$type": "CombatRoutine.TriggerModel.TriggerCondEnemyCastSpell, CombatRoutine",
                    "Strs": null,
                    "RegexNameOrId": "31044",
                    "DisplayName": "敌人读条使用技能"
                  }
                ],
                "NodeType": 2,
                "Enable": true,
                "DisplayName": "条件",
                "Name": ""
              },
              {
                "$type": "CombatRoutine.TriggerModel.TriggerActionNode, CombatRoutine",
                "TriggerActions": [
                  {
                    "$type": "CombatRoutine.TriggerModel.TriggerActionCastSpell, CombatRoutine",
                    "SpellConfig": {
                      "Category": 0,
                      "SpellId": 3569,
                      "TargetType": 1
                    },
                    "DisplayName": "使用技能"
                  }
                ],
                "NodeType": 2,
                "Enable": true,
                "DisplayName": "行为",
                "Name": ""
              },
              {
                "$type": "CombatRoutine.TriggerModel.TriggerActionNode, CombatRoutine",
                "TriggerActions": [
                  {
                    "$type": "CombatRoutine.TriggerModel.TriggerActionAddVariable, CombatRoutine",
                    "VariableName": "check",
                    "SetVariableVaule": 1,
                    "DisplayName": "设置变量"
                  }
                ],
                "NodeType": 2,
                "Enable": true,
                "DisplayName": "行为",
                "Name": ""
              }
            ],
            "NodeType": 1,
            "Enable": true,
            "DisplayName": "序列",
            "Name": "门神"
          },
          {
            "$type": "CombatRoutine.TriggerModel.TriggerSequence, CombatRoutine",
            "Childs": [
              {
                "$type": "CombatRoutine.TriggerModel.TriggerCondNode, CombatRoutine",
                "CondLogicType": 0,
                "TriggerConds": [
                  {
                    "$type": "CombatRoutine.TriggerModel.TriggerCondEnemyCastSpell, CombatRoutine",
                    "Strs": null,
                    "RegexNameOrId": "31199",
                    "DisplayName": "敌人读条使用技能"
                  }
                ],
                "NodeType": 2,
                "Enable": true,
                "DisplayName": "条件",
                "Name": ""
              },
              {
                "$type": "CombatRoutine.TriggerModel.TriggerActionNode, CombatRoutine",
                "TriggerActions": [
                  {
                    "$type": "CombatRoutine.TriggerModel.TriggerActionCastSpell, CombatRoutine",
                    "SpellConfig": {
                      "Category": 0,
                      "SpellId": 3569,
                      "TargetType": 1
                    },
                    "DisplayName": "使用技能"
                  }
                ],
                "NodeType": 2,
                "Enable": true,
                "DisplayName": "行为",
                "Name": ""
              },
              {
                "$type": "CombatRoutine.TriggerModel.TriggerDelayNode, CombatRoutine",
                "NodeType": 2,
                "Enable": true,
                "DisplayName": "延迟[秒]",
                "Delay": 42.0,
                "Name": ""
              },
              {
                "$type": "CombatRoutine.TriggerModel.TriggerActionNode, CombatRoutine",
                "TriggerActions": [
                  {
                    "$type": "CombatRoutine.TriggerModel.TriggerActionCastSpell, CombatRoutine",
                    "SpellConfig": {
                      "Category": 0,
                      "SpellId": 16536,
                      "TargetType": 1
                    },
                    "DisplayName": "使用技能"
                  }
                ],
                "NodeType": 2,
                "Enable": true,
                "DisplayName": "行为",
                "Name": ""
              },
              {
                "$type": "CombatRoutine.TriggerModel.TriggerDelayNode, CombatRoutine",
                "NodeType": 2,
                "Enable": true,
                "DisplayName": "延迟[秒]",
                "Delay": 16.0,
                "Name": ""
              },
              {
                "$type": "CombatRoutine.TriggerModel.TriggerActionNode, CombatRoutine",
                "TriggerActions": [
                  {
                    "$type": "CombatRoutine.TriggerModel.TriggerActionCastSpell, CombatRoutine",
                    "SpellConfig": {
                      "Category": 0,
                      "SpellId": 26582,
                      "TargetType": 1
                    },
                    "DisplayName": "使用技能"
                  }
                ],
                "NodeType": 2,
                "Enable": true,
                "DisplayName": "行为",
                "Name": ""
              },
              {
                "$type": "CombatRoutine.TriggerModel.TriggerDelayNode, CombatRoutine",
                "NodeType": 2,
                "Enable": true,
                "DisplayName": "延迟[秒]",
                "Delay": 29.0,
                "Name": ""
              },
              {
                "$type": "CombatRoutine.TriggerModel.TriggerActionNode, CombatRoutine",
                "TriggerActions": [
                  {
                    "$type": "CombatRoutine.TriggerModel.TriggerActionCastSpell, CombatRoutine",
                    "SpellConfig": {
                      "Category": 0,
                      "SpellId": 3569,
                      "TargetType": 1
                    },
                    "DisplayName": "使用技能"
                  }
                ],
                "NodeType": 2,
                "Enable": true,
                "DisplayName": "行为",
                "Name": ""
              },
              {
                "$type": "CombatRoutine.TriggerModel.TriggerDelayNode, CombatRoutine",
                "NodeType": 2,
                "Enable": true,
                "DisplayName": "延迟[秒]",
                "Delay": 107.0,
                "Name": ""
              },
              {
                "$type": "CombatRoutine.TriggerModel.TriggerActionNode, CombatRoutine",
                "TriggerActions": [
                  {
                    "$type": "CombatRoutine.TriggerModel.TriggerActionCastSpell, CombatRoutine",
                    "SpellConfig": {
                      "Category": 0,
                      "SpellId": 3569,
                      "TargetType": 1
                    },
                    "DisplayName": "使用技能"
                  }
                ],
                "NodeType": 2,
                "Enable": true,
                "DisplayName": "行为",
                "Name": ""
              },
              {
                "$type": "CombatRoutine.TriggerModel.TriggerDelayNode, CombatRoutine",
                "NodeType": 2,
                "Enable": true,
                "DisplayName": "延迟[秒]",
                "Delay": 53.0,
                "Name": ""
              },
              {
                "$type": "CombatRoutine.TriggerModel.TriggerActionNode, CombatRoutine",
                "TriggerActions": [
                  {
                    "$type": "CombatRoutine.TriggerModel.TriggerActionCastSpell, CombatRoutine",
                    "SpellConfig": {
                      "Category": 0,
                      "SpellId": 16536,
                      "TargetType": 1
                    },
                    "DisplayName": "使用技能"
                  }
                ],
                "NodeType": 2,
                "Enable": true,
                "DisplayName": "行为",
                "Name": ""
              },
              {
                "$type": "CombatRoutine.TriggerModel.TriggerDelayNode, CombatRoutine",
                "NodeType": 2,
                "Enable": true,
                "DisplayName": "延迟[秒]",
                "Delay": 19.0,
                "Name": ""
              },
              {
                "$type": "CombatRoutine.TriggerModel.TriggerActionNode, CombatRoutine",
                "TriggerActions": [
                  {
                    "$type": "CombatRoutine.TriggerModel.TriggerActionCastSpell, CombatRoutine",
                    "SpellConfig": {
                      "Category": 0,
                      "SpellId": 26582,
                      "TargetType": 1
                    },
                    "DisplayName": "使用技能"
                  }
                ],
                "NodeType": 2,
                "Enable": true,
                "DisplayName": "行为",
                "Name": ""
              },
              {
                "$type": "CombatRoutine.TriggerModel.TriggerDelayNode, CombatRoutine",
                "NodeType": 2,
                "Enable": true,
                "DisplayName": "延迟[秒]",
                "Delay": 19.0,
                "Name": ""
              },
              {
                "$type": "CombatRoutine.TriggerModel.TriggerActionNode, CombatRoutine",
                "TriggerActions": [
                  {
                    "$type": "CombatRoutine.TriggerModel.TriggerActionCastSpell, CombatRoutine",
                    "SpellConfig": {
                      "Category": 0,
                      "SpellId": 3569,
                      "TargetType": 1
                    },
                    "DisplayName": "使用技能"
                  }
                ],
                "NodeType": 2,
                "Enable": true,
                "DisplayName": "行为",
                "Name": ""
              },
              {
                "$type": "CombatRoutine.TriggerModel.TriggerDelayNode, CombatRoutine",
                "NodeType": 2,
                "Enable": true,
                "DisplayName": "延迟[秒]",
                "Delay": 121.0,
                "Name": ""
              },
              {
                "$type": "CombatRoutine.TriggerModel.TriggerActionNode, CombatRoutine",
                "TriggerActions": [
                  {
                    "$type": "CombatRoutine.TriggerModel.TriggerActionCastSpell, CombatRoutine",
                    "SpellConfig": {
                      "Category": 0,
                      "SpellId": 16536,
                      "TargetType": 1
                    },
                    "DisplayName": "使用技能"
                  }
                ],
                "NodeType": 2,
                "Enable": true,
                "DisplayName": "行为",
                "Name": ""
              },
              {
                "$type": "CombatRoutine.TriggerModel.TriggerDelayNode, CombatRoutine",
                "NodeType": 2,
                "Enable": true,
                "DisplayName": "延迟[秒]",
                "Delay": 2.0,
                "Name": ""
              },
              {
                "$type": "CombatRoutine.TriggerModel.TriggerActionNode, CombatRoutine",
                "TriggerActions": [
                  {
                    "$type": "CombatRoutine.TriggerModel.TriggerActionCastSpell, CombatRoutine",
                    "SpellConfig": {
                      "Category": 0,
                      "SpellId": 3569,
                      "TargetType": 1
                    },
                    "DisplayName": "使用技能"
                  }
                ],
                "NodeType": 2,
                "Enable": true,
                "DisplayName": "行为",
                "Name": ""
              },
              {
                "$type": "CombatRoutine.TriggerModel.TriggerDelayNode, CombatRoutine",
                "NodeType": 2,
                "Enable": true,
                "DisplayName": "延迟[秒]",
                "Delay": 44.0,
                "Name": ""
              },
              {
                "$type": "CombatRoutine.TriggerModel.TriggerActionNode, CombatRoutine",
                "TriggerActions": [
                  {
                    "$type": "CombatRoutine.TriggerModel.TriggerActionCastSpell, CombatRoutine",
                    "SpellConfig": {
                      "Category": 0,
                      "SpellId": 25862,
                      "TargetType": 1
                    },
                    "DisplayName": "使用技能"
                  }
                ],
                "NodeType": 2,
                "Enable": true,
                "DisplayName": "行为",
                "Name": ""
              }
            ],
            "NodeType": 1,
            "Enable": true,
            "DisplayName": "序列",
            "Name": "本体"
          },
          {
            "$type": "CombatRoutine.TriggerModel.TriggerSequence, CombatRoutine",
            "Childs": [
              {
                "$type": "CombatRoutine.TriggerModel.TriggerCondNode, CombatRoutine",
                "CondLogicType": 0,
                "TriggerConds": [
                  {
                    "$type": "CombatRoutine.TriggerModel.TriggerCondEnemyCastSpell, CombatRoutine",
                    "Strs": null,
                    "RegexNameOrId": "31052",
                    "DisplayName": "敌人读条使用技能"
                  }
                ],
                "NodeType": 2,
                "Enable": true,
                "DisplayName": "条件",
                "Name": ""
              },
              {
                "$type": "CombatRoutine.TriggerModel.TriggerCondNode, CombatRoutine",
                "CondLogicType": 0,
                "TriggerConds": [
                  {
                    "$type": "CombatRoutine.TriggerModel.TriggerCondVariable, CombatRoutine",
                    "VariableName": "check",
                    "VariableVaule": 1,
                    "DisplayName": "变量值"
                  }
                ],
                "NodeType": 2,
                "Enable": true,
                "DisplayName": "条件",
                "Name": ""
              },
              {
                "$type": "CombatRoutine.TriggerModel.TriggerActionNode, CombatRoutine",
                "TriggerActions": [
                  {
                    "$type": "CombatRoutine.TriggerModel.TriggerActionAddVariable, CombatRoutine",
                    "VariableName": "check",
                    "SetVariableVaule": 2,
                    "DisplayName": "设置变量"
                  }
                ],
                "NodeType": 2,
                "Enable": true,
                "DisplayName": "行为",
                "Name": ""
              },
              {
                "$type": "CombatRoutine.TriggerModel.TriggerDelayNode, CombatRoutine",
                "NodeType": 2,
                "Enable": true,
                "DisplayName": "延迟[秒]",
                "Delay": 54.0,
                "Name": ""
              },
              {
                "$type": "CombatRoutine.TriggerModel.TriggerActionNode, CombatRoutine",
                "TriggerActions": [
                  {
                    "$type": "CombatRoutine.TriggerModel.TriggerActionCastSpell, CombatRoutine",
                    "SpellConfig": {
                      "Category": 0,
                      "SpellId": 3569,
                      "TargetType": 0
                    },
                    "DisplayName": "使用技能"
                  }
                ],
                "NodeType": 2,
                "Enable": true,
                "DisplayName": "行为",
                "Name": "3569"
              },
              {
                "$type": "CombatRoutine.TriggerModel.TriggerDelayNode, CombatRoutine",
                "NodeType": 2,
                "Enable": true,
                "DisplayName": "延迟[秒]",
                "Delay": 92.0,
                "Name": ""
              },
              {
                "$type": "CombatRoutine.TriggerModel.TriggerActionNode, CombatRoutine",
                "TriggerActions": [
                  {
                    "$type": "CombatRoutine.TriggerModel.TriggerActionCastSpell, CombatRoutine",
                    "SpellConfig": {
                      "Category": 0,
                      "SpellId": 25862,
                      "TargetType": 1
                    },
                    "DisplayName": "使用技能"
                  }
                ],
                "NodeType": 2,
                "Enable": true,
                "DisplayName": "行为",
                "Name": "25862"
              },
              {
                "$type": "CombatRoutine.TriggerModel.TriggerDelayNode, CombatRoutine",
                "NodeType": 2,
                "Enable": true,
                "DisplayName": "延迟[秒]",
                "Delay": 2.0,
                "Name": ""
              },
              {
                "$type": "CombatRoutine.TriggerModel.TriggerActionNode, CombatRoutine",
                "TriggerActions": [
                  {
                    "$type": "CombatRoutine.TriggerModel.TriggerActionCastSpell, CombatRoutine",
                    "SpellConfig": {
                      "Category": 0,
                      "SpellId": 16536,
                      "TargetType": 1
                    },
                    "DisplayName": "使用技能"
                  }
                ],
                "NodeType": 2,
                "Enable": true,
                "DisplayName": "行为",
                "Name": "16536"
              },
              {
                "$type": "CombatRoutine.TriggerModel.TriggerDelayNode, CombatRoutine",
                "NodeType": 2,
                "Enable": true,
                "DisplayName": "延迟[秒]",
                "Delay": 3.0,
                "Name": ""
              },
              {
                "$type": "CombatRoutine.TriggerModel.TriggerActionNode, CombatRoutine",
                "TriggerActions": [
                  {
                    "$type": "CombatRoutine.TriggerModel.TriggerActionCastSpell, CombatRoutine",
                    "SpellConfig": {
                      "Category": 0,
                      "SpellId": 3569,
                      "TargetType": 0
                    },
                    "DisplayName": "使用技能"
                  }
                ],
                "NodeType": 2,
                "Enable": true,
                "DisplayName": "行为",
                "Name": "3569"
              },
              {
                "$type": "CombatRoutine.TriggerModel.TriggerDelayNode, CombatRoutine",
                "NodeType": 2,
                "Enable": true,
                "DisplayName": "延迟[秒]",
                "Delay": 138.0,
                "Name": ""
              },
              {
                "$type": "CombatRoutine.TriggerModel.TriggerActionNode, CombatRoutine",
                "TriggerActions": [
                  {
                    "$type": "CombatRoutine.TriggerModel.TriggerActionCastSpell, CombatRoutine",
                    "SpellConfig": {
                      "Category": 0,
                      "SpellId": 16536,
                      "TargetType": 1
                    },
                    "DisplayName": "使用技能"
                  }
                ],
                "NodeType": 2,
                "Enable": true,
                "DisplayName": "行为",
                "Name": "16536"
              },
              {
                "$type": "CombatRoutine.TriggerModel.TriggerDelayNode, CombatRoutine",
                "NodeType": 2,
                "Enable": true,
                "DisplayName": "延迟[秒]",
                "Delay": 21.0,
                "Name": ""
              },
              {
                "$type": "CombatRoutine.TriggerModel.TriggerActionNode, CombatRoutine",
                "TriggerActions": [
                  {
                    "$type": "CombatRoutine.TriggerModel.TriggerActionCastSpell, CombatRoutine",
                    "SpellConfig": {
                      "Category": 0,
                      "SpellId": 3569,
                      "TargetType": 0
                    },
                    "DisplayName": "使用技能"
                  }
                ],
                "NodeType": 2,
                "Enable": true,
                "DisplayName": "行为",
                "Name": "3569"
              },
              {
                "$type": "CombatRoutine.TriggerModel.TriggerDelayNode, CombatRoutine",
                "NodeType": 2,
                "Enable": true,
                "DisplayName": "延迟[秒]",
                "Delay": 81.0,
                "Name": ""
              },
              {
                "$type": "CombatRoutine.TriggerModel.TriggerActionNode, CombatRoutine",
                "TriggerActions": [
                  {
                    "$type": "CombatRoutine.TriggerModel.TriggerActionCastSpell, CombatRoutine",
                    "SpellConfig": {
                      "Category": 0,
                      "SpellId": 25862,
                      "TargetType": 1
                    },
                    "DisplayName": "使用技能"
                  }
                ],
                "NodeType": 2,
                "Enable": true,
                "DisplayName": "行为",
                "Name": "25862"
              }
            ],
            "NodeType": 1,
            "Enable": true,
            "DisplayName": "序列",
            "Name": "蛇"
          },
          {
            "$type": "CombatRoutine.TriggerModel.TriggerSequence, CombatRoutine",
            "Childs": [
              {
                "$type": "CombatRoutine.TriggerModel.TriggerCondNode, CombatRoutine",
                "CondLogicType": 0,
                "TriggerConds": [
                  {
                    "$type": "CombatRoutine.TriggerModel.TriggerCondEnemyCastSpell, CombatRoutine",
                    "Strs": null,
                    "RegexNameOrId": "31051",
                    "DisplayName": "敌人读条使用技能"
                  }
                ],
                "NodeType": 2,
                "Enable": true,
                "DisplayName": "条件",
                "Name": ""
              },
              {
                "$type": "CombatRoutine.TriggerModel.TriggerCondNode, CombatRoutine",
                "CondLogicType": 0,
                "TriggerConds": [
                  {
                    "$type": "CombatRoutine.TriggerModel.TriggerCondVariable, CombatRoutine",
                    "VariableName": "check",
                    "VariableVaule": 1,
                    "DisplayName": "变量值"
                  }
                ],
                "NodeType": 2,
                "Enable": true,
                "DisplayName": "条件",
                "Name": ""
              },
              {
                "$type": "CombatRoutine.TriggerModel.TriggerActionNode, CombatRoutine",
                "TriggerActions": [
                  {
                    "$type": "CombatRoutine.TriggerModel.TriggerActionAddVariable, CombatRoutine",
                    "VariableName": "check",
                    "SetVariableVaule": 2,
                    "DisplayName": "设置变量"
                  }
                ],
                "NodeType": 2,
                "Enable": true,
                "DisplayName": "行为",
                "Name": ""
              },
              {
                "$type": "CombatRoutine.TriggerModel.TriggerDelayNode, CombatRoutine",
                "NodeType": 2,
                "Enable": true,
                "DisplayName": "延迟[秒]",
                "Delay": 14.0,
                "Name": ""
              },
              {
                "$type": "CombatRoutine.TriggerModel.TriggerActionNode, CombatRoutine",
                "TriggerActions": [
                  {
                    "$type": "CombatRoutine.TriggerModel.TriggerActionCastSpell, CombatRoutine",
                    "SpellConfig": {
                      "Category": 0,
                      "SpellId": 25862,
                      "TargetType": 1
                    },
                    "DisplayName": "使用技能"
                  }
                ],
                "NodeType": 2,
                "Enable": true,
                "DisplayName": "行为",
                "Name": "25862"
              },
              {
                "$type": "CombatRoutine.TriggerModel.TriggerDelayNode, CombatRoutine",
                "NodeType": 2,
                "Enable": true,
                "DisplayName": "延迟[秒]",
                "Delay": 2.0,
                "Name": ""
              },
              {
                "$type": "CombatRoutine.TriggerModel.TriggerActionNode, CombatRoutine",
                "TriggerActions": [
                  {
                    "$type": "CombatRoutine.TriggerModel.TriggerActionCastSpell, CombatRoutine",
                    "SpellConfig": {
                      "Category": 0,
                      "SpellId": 16536,
                      "TargetType": 1
                    },
                    "DisplayName": "使用技能"
                  }
                ],
                "NodeType": 2,
                "Enable": true,
                "DisplayName": "行为",
                "Name": "16536"
              },
              {
                "$type": "CombatRoutine.TriggerModel.TriggerDelayNode, CombatRoutine",
                "NodeType": 2,
                "Enable": true,
                "DisplayName": "延迟[秒]",
                "Delay": 76.0,
                "Name": ""
              },
              {
                "$type": "CombatRoutine.TriggerModel.TriggerActionNode, CombatRoutine",
                "TriggerActions": [
                  {
                    "$type": "CombatRoutine.TriggerModel.TriggerActionCastSpell, CombatRoutine",
                    "SpellConfig": {
                      "Category": 0,
                      "SpellId": 3569,
                      "TargetType": 0
                    },
                    "DisplayName": "使用技能"
                  }
                ],
                "NodeType": 2,
                "Enable": true,
                "DisplayName": "行为",
                "Name": "3569"
              },
              {
                "$type": "CombatRoutine.TriggerModel.TriggerDelayNode, CombatRoutine",
                "NodeType": 2,
                "Enable": true,
                "DisplayName": "延迟[秒]",
                "Delay": 99.0,
                "Name": ""
              },
              {
                "$type": "CombatRoutine.TriggerModel.TriggerActionNode, CombatRoutine",
                "TriggerActions": [
                  {
                    "$type": "CombatRoutine.TriggerModel.TriggerActionCastSpell, CombatRoutine",
                    "SpellConfig": {
                      "Category": 0,
                      "SpellId": 3569,
                      "TargetType": 0
                    },
                    "DisplayName": "使用技能"
                  }
                ],
                "NodeType": 2,
                "Enable": true,
                "DisplayName": "行为",
                "Name": "3569"
              },
              {
                "$type": "CombatRoutine.TriggerModel.TriggerDelayNode, CombatRoutine",
                "NodeType": 2,
                "Enable": true,
                "DisplayName": "延迟[秒]",
                "Delay": 19.0,
                "Name": ""
              },
              {
                "$type": "CombatRoutine.TriggerModel.TriggerActionNode, CombatRoutine",
                "TriggerActions": [
                  {
                    "$type": "CombatRoutine.TriggerModel.TriggerActionCastSpell, CombatRoutine",
                    "SpellConfig": {
                      "Category": 0,
                      "SpellId": 16536,
                      "TargetType": 1
                    },
                    "DisplayName": "使用技能"
                  }
                ],
                "NodeType": 2,
                "Enable": true,
                "DisplayName": "行为",
                "Name": "16536"
              },
              {
                "$type": "CombatRoutine.TriggerModel.TriggerDelayNode, CombatRoutine",
                "NodeType": 2,
                "Enable": true,
                "DisplayName": "延迟[秒]",
                "Delay": 152.0,
                "Name": ""
              },
              {
                "$type": "CombatRoutine.TriggerModel.TriggerActionNode, CombatRoutine",
                "TriggerActions": [
                  {
                    "$type": "CombatRoutine.TriggerModel.TriggerActionCastSpell, CombatRoutine",
                    "SpellConfig": {
                      "Category": 0,
                      "SpellId": 25862,
                      "TargetType": 1
                    },
                    "DisplayName": "使用技能"
                  }
                ],
                "NodeType": 2,
                "Enable": true,
                "DisplayName": "行为",
                "Name": "25862"
              },
              {
                "$type": "CombatRoutine.TriggerModel.TriggerDelayNode, CombatRoutine",
                "NodeType": 2,
                "Enable": true,
                "DisplayName": "延迟[秒]",
                "Delay": 4.0,
                "Name": ""
              },
              {
                "$type": "CombatRoutine.TriggerModel.TriggerActionNode, CombatRoutine",
                "TriggerActions": [
                  {
                    "$type": "CombatRoutine.TriggerModel.TriggerActionCastSpell, CombatRoutine",
                    "SpellConfig": {
                      "Category": 0,
                      "SpellId": 16536,
                      "TargetType": 1
                    },
                    "DisplayName": "使用技能"
                  }
                ],
                "NodeType": 2,
                "Enable": true,
                "DisplayName": "行为",
                "Name": "16536"
              },
              {
                "$type": "CombatRoutine.TriggerModel.TriggerDelayNode, CombatRoutine",
                "NodeType": 2,
                "Enable": true,
                "DisplayName": "延迟[秒]",
                "Delay": 23.0,
                "Name": ""
              },
              {
                "$type": "CombatRoutine.TriggerModel.TriggerActionNode, CombatRoutine",
                "TriggerActions": [
                  {
                    "$type": "CombatRoutine.TriggerModel.TriggerActionCastSpell, CombatRoutine",
                    "SpellConfig": {
                      "Category": 0,
                      "SpellId": 3569,
                      "TargetType": 0
                    },
                    "DisplayName": "使用技能"
                  }
                ],
                "NodeType": 2,
                "Enable": true,
                "DisplayName": "行为",
                "Name": "3569"
              }
            ],
            "NodeType": 1,
            "Enable": true,
            "DisplayName": "序列",
            "Name": "兽"
          }
        ],
        "NodeType": 1,
        "Enable": true,
        "DisplayName": "并行",
        "Name": ""
      }
    ],
    "NodeType": 0,
    "Enable": true,
    "DisplayName": "Start",
    "Name": ""
  },
  "Author": "fra",
  "Name": "whm-p8s",
  "TerritoryTypeId": 1088,
  "TargetJob": 24,
  "ExposedVars": []
}