{
  "ConfigVersion": 6,
  "TriggerRoot": {
    "Childs": [
      {
        "$type": "CombatRoutine.TriggerModel.TriggerParallel, CombatRoutine",
        "Childs": [
          {
            "$type": "CombatRoutine.TriggerModel.TriggerSequence, CombatRoutine",
            "Childs": [
              {
                "$type": "CombatRoutine.TriggerModel.TriggerDelayNode, CombatRoutine",
                "NodeType": 2,
                "Enable": true,
                "DisplayName": "延迟[秒]",
                "Delay": 4.5,
                "Name": ""
              },
              {
                "$type": "CombatRoutine.TriggerModel.TriggerActionNode, CombatRoutine",
                "TriggerActions": [
                  {
                    "$type": "CombatRoutine.TriggerModel.TriggerActionCastSpell, CombatRoutine",
                    "SpellConfig": {
                      "Category": 0,
                      "SpellId": 3540,
                      "TargetType": 1
                    },
                    "DisplayName": "使用技能"
                  }
                ],
                "NodeType": 2,
                "Enable": true,
                "DisplayName": "行为",
                "Name": "幕帘"
              },
              {
                "$type": "CombatRoutine.TriggerModel.TriggerDelayNode, CombatRoutine",
                "NodeType": 2,
                "Enable": true,
                "DisplayName": "延迟[秒]",
                "Delay": 1.5,
                "Name": ""
              },
              {
                "$type": "CombatRoutine.TriggerModel.TriggerActionNode, CombatRoutine",
                "TriggerActions": [
                  {
                    "$type": "CombatRoutine.TriggerModel.TriggerActionCastSpell, CombatRoutine",
                    "SpellConfig": {
                      "Category": 0,
                      "SpellId": 7535,
                      "TargetType": 1
                    },
                    "DisplayName": "使用技能"
                  }
                ],
                "NodeType": 2,
                "Enable": true,
                "DisplayName": "行为",
                "Name": "血仇"
              },
              {
                "$type": "CombatRoutine.TriggerModel.TriggerDelayNode, CombatRoutine",
                "NodeType": 2,
                "Enable": true,
                "DisplayName": "延迟[秒]",
                "Delay": 5.0,
                "Name": ""
              },
              {
                "$type": "CombatRoutine.TriggerModel.TriggerActionNode, CombatRoutine",
                "TriggerActions": [
                  {
                    "$type": "CombatRoutine.TriggerModel.TriggerActionCastSpell, CombatRoutine",
                    "SpellConfig": {
                      "Category": 0,
                      "SpellId": 7385,
                      "TargetType": 1
                    },
                    "DisplayName": "使用技能"
                  }
                ],
                "NodeType": 2,
                "Enable": false,
                "DisplayName": "行为",
                "Name": "大翅膀"
              },
              {
                "$type": "CombatRoutine.TriggerModel.TriggerDelayNode, CombatRoutine",
                "NodeType": 2,
                "Enable": true,
                "DisplayName": "延迟[秒]",
                "Delay": 79.0,
                "Name": ""
              },
              {
                "$type": "CombatRoutine.TriggerModel.TriggerActionNode, CombatRoutine",
                "TriggerActions": [
                  {
                    "$type": "CombatRoutine.TriggerModel.TriggerActionCastSpell, CombatRoutine",
                    "SpellConfig": {
                      "Category": 0,
                      "SpellId": 7531,
                      "TargetType": 1
                    },
                    "DisplayName": "使用技能"
                  }
                ],
                "NodeType": 2,
                "Enable": true,
                "DisplayName": "行为",
                "Name": "铁壁"
              },
              {
                "$type": "CombatRoutine.TriggerModel.TriggerDelayNode, CombatRoutine",
                "NodeType": 2,
                "Enable": true,
                "DisplayName": "延迟[秒]",
                "Delay": 4.0,
                "Name": ""
              },
              {
                "$type": "CombatRoutine.TriggerModel.TriggerActionNode, CombatRoutine",
                "TriggerActions": [
                  {
                    "$type": "CombatRoutine.TriggerModel.TriggerActionCastSpell, CombatRoutine",
                    "SpellConfig": {
                      "Category": 0,
                      "SpellId": 7382,
                      "TargetType": 5
                    },
                    "DisplayName": "使用技能"
                  }
                ],
                "NodeType": 2,
                "Enable": true,
                "DisplayName": "行为",
                "Name": "干预"
              },
              {
                "$type": "CombatRoutine.TriggerModel.TriggerDelayNode, CombatRoutine",
                "NodeType": 2,
                "Enable": true,
                "DisplayName": "延迟[秒]",
                "Delay": 26.0,
                "Name": ""
              },
              {
                "$type": "CombatRoutine.TriggerModel.TriggerActionNode, CombatRoutine",
                "TriggerActions": [
                  {
                    "$type": "CombatRoutine.TriggerModel.TriggerActionCastSpell, CombatRoutine",
                    "SpellConfig": {
                      "Category": 0,
                      "SpellId": 3540,
                      "TargetType": 1
                    },
                    "DisplayName": "使用技能"
                  }
                ],
                "NodeType": 2,
                "Enable": true,
                "DisplayName": "行为",
                "Name": "幕帘"
              },
              {
                "$type": "CombatRoutine.TriggerModel.TriggerDelayNode, CombatRoutine",
                "NodeType": 2,
                "Enable": true,
                "DisplayName": "延迟[秒]",
                "Delay": 28.0,
                "Name": ""
              },
              {
                "$type": "CombatRoutine.TriggerModel.TriggerActionNode, CombatRoutine",
                "TriggerActions": [
                  {
                    "$type": "CombatRoutine.TriggerModel.TriggerActionCastSpell, CombatRoutine",
                    "SpellConfig": {
                      "Category": 0,
                      "SpellId": 7535,
                      "TargetType": 1
                    },
                    "DisplayName": "使用技能"
                  }
                ],
                "NodeType": 2,
                "Enable": true,
                "DisplayName": "行为",
                "Name": "血仇"
              },
              {
                "$type": "CombatRoutine.TriggerModel.TriggerDelayNode, CombatRoutine",
                "NodeType": 2,
                "Enable": true,
                "DisplayName": "延迟[秒]",
                "Delay": 2.0,
                "Name": ""
              },
              {
                "$type": "CombatRoutine.TriggerModel.TriggerActionNode, CombatRoutine",
                "TriggerActions": [
                  {
                    "$type": "CombatRoutine.TriggerModel.TriggerActionCastSpell, CombatRoutine",
                    "SpellConfig": {
                      "Category": 0,
                      "SpellId": 7385,
                      "TargetType": 1
                    },
                    "DisplayName": "使用技能"
                  }
                ],
                "NodeType": 2,
                "Enable": true,
                "DisplayName": "行为",
                "Name": "大翅膀"
              },
              {
                "$type": "CombatRoutine.TriggerModel.TriggerDelayNode, CombatRoutine",
                "NodeType": 2,
                "Enable": true,
                "DisplayName": "延迟[秒]",
                "Delay": 104.0,
                "Name": ""
              },
              {
                "$type": "CombatRoutine.TriggerModel.TriggerActionNode, CombatRoutine",
                "TriggerActions": [
                  {
                    "$type": "CombatRoutine.TriggerModel.TriggerActionCastSpell, CombatRoutine",
                    "SpellConfig": {
                      "Category": 0,
                      "SpellId": 7531,
                      "TargetType": 1
                    },
                    "DisplayName": "使用技能"
                  }
                ],
                "NodeType": 2,
                "Enable": true,
                "DisplayName": "行为",
                "Name": "铁壁"
              },
              {
                "$type": "CombatRoutine.TriggerModel.TriggerDelayNode, CombatRoutine",
                "NodeType": 2,
                "Enable": true,
                "DisplayName": "延迟[秒]",
                "Delay": 2.0,
                "Name": ""
              },
              {
                "$type": "CombatRoutine.TriggerModel.TriggerActionNode, CombatRoutine",
                "TriggerActions": [
                  {
                    "$type": "CombatRoutine.TriggerModel.TriggerActionCastSpell, CombatRoutine",
                    "SpellConfig": {
                      "Category": 0,
                      "SpellId": 17,
                      "TargetType": 1
                    },
                    "DisplayName": "使用技能"
                  }
                ],
                "NodeType": 2,
                "Enable": true,
                "DisplayName": "行为",
                "Name": "预警"
              },
              {
                "$type": "CombatRoutine.TriggerModel.TriggerDelayNode, CombatRoutine",
                "NodeType": 2,
                "Enable": true,
                "DisplayName": "延迟[秒]",
                "Delay": 2.0,
                "Name": ""
              },
              {
                "$type": "CombatRoutine.TriggerModel.TriggerActionNode, CombatRoutine",
                "TriggerActions": [
                  {
                    "$type": "CombatRoutine.TriggerModel.TriggerActionCastSpell, CombatRoutine",
                    "SpellConfig": {
                      "Category": 0,
                      "SpellId": 7382,
                      "TargetType": 5
                    },
                    "DisplayName": "使用技能"
                  }
                ],
                "NodeType": 2,
                "Enable": true,
                "DisplayName": "行为",
                "Name": "干预"
              },
              {
                "$type": "CombatRoutine.TriggerModel.TriggerDelayNode, CombatRoutine",
                "NodeType": 2,
                "Enable": true,
                "DisplayName": "延迟[秒]",
                "Delay": 29.0,
                "Name": ""
              },
              {
                "$type": "CombatRoutine.TriggerModel.TriggerActionNode, CombatRoutine",
                "TriggerActions": [
                  {
                    "$type": "CombatRoutine.TriggerModel.TriggerActionCastSpell, CombatRoutine",
                    "SpellConfig": {
                      "Category": 0,
                      "SpellId": 22,
                      "TargetType": 1
                    },
                    "DisplayName": "使用技能"
                  }
                ],
                "NodeType": 2,
                "Enable": true,
                "DisplayName": "行为",
                "Name": "壁垒"
              }
            ],
            "NodeType": 1,
            "Enable": true,
            "DisplayName": "序列",
            "Name": "小怪前"
          },
          {
            "$type": "CombatRoutine.TriggerModel.TriggerSequence, CombatRoutine",
            "Childs": [
              {
                "$type": "CombatRoutine.TriggerModel.TriggerCondNode, CombatRoutine",
                "CondLogicType": 0,
                "TriggerConds": [
                  {
                    "$type": "CombatRoutine.TriggerModel.TriggerCondEnemyCastSpell, CombatRoutine",
                    "Strs": null,
                    "RegexNameOrId": "32006",
                    "DisplayName": "敌人读条使用技能"
                  }
                ],
                "NodeType": 2,
                "Enable": true,
                "DisplayName": "条件",
                "Name": ""
              },
              {
                "$type": "CombatRoutine.TriggerModel.TriggerDelayNode, CombatRoutine",
                "NodeType": 2,
                "Enable": true,
                "DisplayName": "延迟[秒]",
                "Delay": 6.0,
                "Name": ""
              },
              {
                "$type": "CombatRoutine.TriggerModel.TriggerActionNode, CombatRoutine",
                "TriggerActions": [
                  {
                    "$type": "CombatRoutine.TriggerModel.TriggerActionCastSpell, CombatRoutine",
                    "SpellConfig": {
                      "Category": 0,
                      "SpellId": 7385,
                      "TargetType": 1
                    },
                    "DisplayName": "使用技能"
                  }
                ],
                "NodeType": 2,
                "Enable": true,
                "DisplayName": "行为",
                "Name": "大翅膀"
              },
              {
                "$type": "CombatRoutine.TriggerModel.TriggerDelayNode, CombatRoutine",
                "NodeType": 2,
                "Enable": true,
                "DisplayName": "延迟[秒]",
                "Delay": 49.0,
                "Name": ""
              },
              {
                "$type": "CombatRoutine.TriggerModel.TriggerActionNode, CombatRoutine",
                "TriggerActions": [
                  {
                    "$type": "CombatRoutine.TriggerModel.TriggerActionCastSpell, CombatRoutine",
                    "SpellConfig": {
                      "Category": 0,
                      "SpellId": 3540,
                      "TargetType": 1
                    },
                    "DisplayName": "使用技能"
                  }
                ],
                "NodeType": 2,
                "Enable": true,
                "DisplayName": "行为",
                "Name": "幕帘"
              },
              {
                "$type": "CombatRoutine.TriggerModel.TriggerDelayNode, CombatRoutine",
                "NodeType": 2,
                "Enable": true,
                "DisplayName": "延迟[秒]",
                "Delay": 30.0,
                "Name": ""
              },
              {
                "$type": "CombatRoutine.TriggerModel.TriggerActionNode, CombatRoutine",
                "TriggerActions": [
                  {
                    "$type": "CombatRoutine.TriggerModel.TriggerActionCastSpell, CombatRoutine",
                    "SpellConfig": {
                      "Category": 0,
                      "SpellId": 7535,
                      "TargetType": 1
                    },
                    "DisplayName": "使用技能"
                  }
                ],
                "NodeType": 2,
                "Enable": true,
                "DisplayName": "行为",
                "Name": "血仇"
              },
              {
                "$type": "CombatRoutine.TriggerModel.TriggerDelayNode, CombatRoutine",
                "NodeType": 2,
                "Enable": true,
                "DisplayName": "延迟[秒]",
                "Delay": 16.0,
                "Name": ""
              },
              {
                "$type": "CombatRoutine.TriggerModel.TriggerActionNode, CombatRoutine",
                "TriggerActions": [
                  {
                    "$type": "CombatRoutine.TriggerModel.TriggerActionCastSpell, CombatRoutine",
                    "SpellConfig": {
                      "Category": 0,
                      "SpellId": 17,
                      "TargetType": 1
                    },
                    "DisplayName": "使用技能"
                  }
                ],
                "NodeType": 2,
                "Enable": true,
                "DisplayName": "行为",
                "Name": "预警"
              },
              {
                "$type": "CombatRoutine.TriggerModel.TriggerDelayNode, CombatRoutine",
                "NodeType": 2,
                "Enable": true,
                "DisplayName": "延迟[秒]",
                "Delay": 2.0,
                "Name": ""
              },
              {
                "$type": "CombatRoutine.TriggerModel.TriggerActionNode, CombatRoutine",
                "TriggerActions": [
                  {
                    "$type": "CombatRoutine.TriggerModel.TriggerActionCastSpell, CombatRoutine",
                    "SpellConfig": {
                      "Category": 0,
                      "SpellId": 7382,
                      "TargetType": 5
                    },
                    "DisplayName": "使用技能"
                  }
                ],
                "NodeType": 2,
                "Enable": true,
                "DisplayName": "行为",
                "Name": "干预"
              },
              {
                "$type": "CombatRoutine.TriggerModel.TriggerDelayNode, CombatRoutine",
                "NodeType": 2,
                "Enable": true,
                "DisplayName": "延迟[秒]",
                "Delay": 85.0,
                "Name": ""
              },
              {
                "$type": "CombatRoutine.TriggerModel.TriggerActionNode, CombatRoutine",
                "TriggerActions": [
                  {
                    "$type": "CombatRoutine.TriggerModel.TriggerActionCastSpell, CombatRoutine",
                    "SpellConfig": {
                      "Category": 0,
                      "SpellId": 3540,
                      "TargetType": 1
                    },
                    "DisplayName": "使用技能"
                  }
                ],
                "NodeType": 2,
                "Enable": true,
                "DisplayName": "行为",
                "Name": "幕帘"
              },
              {
                "$type": "CombatRoutine.TriggerModel.TriggerDelayNode, CombatRoutine",
                "NodeType": 2,
                "Enable": true,
                "DisplayName": "延迟[秒]",
                "Delay": 4.0,
                "Name": ""
              },
              {
                "$type": "CombatRoutine.TriggerModel.TriggerActionNode, CombatRoutine",
                "TriggerActions": [
                  {
                    "$type": "CombatRoutine.TriggerModel.TriggerActionCastSpell, CombatRoutine",
                    "SpellConfig": {
                      "Category": 0,
                      "SpellId": 7385,
                      "TargetType": 1
                    },
                    "DisplayName": "使用技能"
                  }
                ],
                "NodeType": 2,
                "Enable": true,
                "DisplayName": "行为",
                "Name": "大翅膀"
              },
              {
                "$type": "CombatRoutine.TriggerModel.TriggerDelayNode, CombatRoutine",
                "NodeType": 2,
                "Enable": true,
                "DisplayName": "延迟[秒]",
                "Delay": 19.0,
                "Name": ""
              },
              {
                "$type": "CombatRoutine.TriggerModel.TriggerActionNode, CombatRoutine",
                "TriggerActions": [
                  {
                    "$type": "CombatRoutine.TriggerModel.TriggerActionCastSpell, CombatRoutine",
                    "SpellConfig": {
                      "Category": 0,
                      "SpellId": 7535,
                      "TargetType": 1
                    },
                    "DisplayName": "使用技能"
                  }
                ],
                "NodeType": 2,
                "Enable": true,
                "DisplayName": "行为",
                "Name": "血仇"
              },
              {
                "$type": "CombatRoutine.TriggerModel.TriggerDelayNode, CombatRoutine",
                "NodeType": 2,
                "Enable": true,
                "DisplayName": "延迟[秒]",
                "Delay": 52.0,
                "Name": ""
              },
              {
                "$type": "CombatRoutine.TriggerModel.TriggerActionNode, CombatRoutine",
                "TriggerActions": [
                  {
                    "$type": "CombatRoutine.TriggerModel.TriggerActionCastSpell, CombatRoutine",
                    "SpellConfig": {
                      "Category": 0,
                      "SpellId": 17,
                      "TargetType": 1
                    },
                    "DisplayName": "使用技能"
                  }
                ],
                "NodeType": 2,
                "Enable": true,
                "DisplayName": "行为",
                "Name": "预警"
              },
              {
                "$type": "CombatRoutine.TriggerModel.TriggerDelayNode, CombatRoutine",
                "NodeType": 2,
                "Enable": true,
                "DisplayName": "延迟[秒]",
                "Delay": 2.0,
                "Name": ""
              },
              {
                "$type": "CombatRoutine.TriggerModel.TriggerActionNode, CombatRoutine",
                "TriggerActions": [
                  {
                    "$type": "CombatRoutine.TriggerModel.TriggerActionCastSpell, CombatRoutine",
                    "SpellConfig": {
                      "Category": 0,
                      "SpellId": 7382,
                      "TargetType": 5
                    },
                    "DisplayName": "使用技能"
                  }
                ],
                "NodeType": 2,
                "Enable": true,
                "DisplayName": "行为",
                "Name": "干预"
              }
            ],
            "NodeType": 1,
            "Enable": true,
            "DisplayName": "序列",
            "Name": "小怪后"
          }
        ],
        "NodeType": 1,
        "Enable": true,
        "DisplayName": "并行",
        "Name": ""
      }
    ],
    "NodeType": 0,
    "Enable": true,
    "DisplayName": "Start",
    "Name": ""
  },
  "Author": "Fra",
  "Name": "火天王-骑士",
  "TerritoryTypeId": 1096,
  "TargetJob": 19,
  "ExposedVars": []
}