{
    "26070":"演艺家的蔑视",
    "30448":"重咬",
    "30449":"毒液重咬",
    "30811":"协同",
    "30812":"协同",
    "30813":"协同",
    "30774":"集聚烈风",    
    "30074":"野蛮剃",
    "29833":"野蛮剃",
    "29796":"野蛮剃",
    "29797":"野蛮剃",
    "29798":"野蛮剃",
    "31045":"炎蛇炮",    
    "30495":"毒液重咬",
    "30494":"毒液倾泻",
    "30858":"协同爪击",
    "30857":"协同",
    "30775":"流散烈风",
    "30776":"集聚烈风",
    "31046":"炎蛇炮",
    "31198":"暴君黑暗神圣"
}